country,cum.deaths,date.POSIXct
USA,0,2020-01-11T07:00:00Z
Brazil,0,2020-01-11T07:00:00Z
India,0,2020-01-11T07:00:00Z
Mexico,0,2020-01-11T07:00:00Z
UK,0,2020-01-11T07:00:00Z
Italy,0,2020-01-11T07:00:00Z
Peru,0,2020-01-11T07:00:00Z
Spain,0,2020-01-11T07:00:00Z
France,0,2020-01-11T07:00:00Z
Iran,0,2020-01-11T07:00:00Z
Colombia,0,2020-01-11T07:00:00Z
Russia,0,2020-01-11T07:00:00Z
South Africa,0,2020-01-11T07:00:00Z
Argentina,0,2020-01-11T07:00:00Z
Chile,0,2020-01-11T07:00:00Z
Ecuador,0,2020-01-11T07:00:00Z
Indonesia,0,2020-01-11T07:00:00Z
Belgium,0,2020-01-11T07:00:00Z
Germany,0,2020-01-11T07:00:00Z
Canada,0,2020-01-11T07:00:00Z
Iraq,0,2020-01-11T07:00:00Z
Turkey,0,2020-01-11T07:00:00Z
Bolivia,0,2020-01-11T07:00:00Z
Pakistan,0,2020-01-11T07:00:00Z
Netherlands,0,2020-01-11T07:00:00Z
Egypt,0,2020-01-11T07:00:00Z
Sweden,0,2020-01-11T07:00:00Z
Philippines,0,2020-01-11T07:00:00Z
Bangladesh,0,2020-01-11T07:00:00Z
Romania,0,2020-01-11T07:00:00Z
Saudi Arabia,0,2020-01-11T07:00:00Z
China,1,2020-01-11T07:00:00Z
Ukraine,0,2020-01-11T07:00:00Z
Guatemala,0,2020-01-11T07:00:00Z
Poland,0,2020-01-11T07:00:00Z
Panama,0,2020-01-11T07:00:00Z
Honduras,0,2020-01-11T07:00:00Z
Morocco,0,2020-01-11T07:00:00Z
Dominican Republic,0,2020-01-11T07:00:00Z
Kazakhstan,0,2020-01-11T07:00:00Z
Portugal,0,2020-01-11T07:00:00Z
Ireland,0,2020-01-11T07:00:00Z
Switzerland,0,2020-01-11T07:00:00Z
Algeria,0,2020-01-11T07:00:00Z
Japan,0,2020-01-11T07:00:00Z
Israel,0,2020-01-11T07:00:00Z
Afghanistan,0,2020-01-11T07:00:00Z
Moldova,0,2020-01-11T07:00:00Z
Ethiopia,0,2020-01-11T07:00:00Z
Nigeria,0,2020-01-11T07:00:00Z
Kyrgyzstan,0,2020-01-11T07:00:00Z
Armenia,0,2020-01-11T07:00:00Z
Oman,0,2020-01-11T07:00:00Z
Australia,0,2020-01-11T07:00:00Z
Costa Rica,0,2020-01-11T07:00:00Z
Bosnia and Herzegovina,0,2020-01-11T07:00:00Z
El Salvador,0,2020-01-11T07:00:00Z
Paraguay,0,2020-01-11T07:00:00Z
Sudan,0,2020-01-11T07:00:00Z
Belarus,0,2020-01-11T07:00:00Z
Bulgaria,0,2020-01-11T07:00:00Z
Austria,0,2020-01-11T07:00:00Z
Hungary,0,2020-01-11T07:00:00Z
Serbia,0,2020-01-11T07:00:00Z
North Macedonia,0,2020-01-11T07:00:00Z
Kenya,0,2020-01-11T07:00:00Z
Puerto Rico,0,2020-01-11T07:00:00Z
Czechia,0,2020-01-11T07:00:00Z
Denmark,0,2020-01-11T07:00:00Z
Venezuela,0,2020-01-11T07:00:00Z
Kosovo,0,2020-01-11T07:00:00Z
Kuwait,0,2020-01-11T07:00:00Z
Azerbaijan,0,2020-01-11T07:00:00Z
Yemen,0,2020-01-11T07:00:00Z
Libya,0,2020-01-11T07:00:00Z
Nepal,0,2020-01-11T07:00:00Z
Uzbekistan,0,2020-01-11T07:00:00Z
Cameroon,0,2020-01-11T07:00:00Z
UAE,0,2020-01-11T07:00:00Z
South Korea,0,2020-01-11T07:00:00Z
Greece,0,2020-01-11T07:00:00Z
Albania,0,2020-01-11T07:00:00Z
Palestine,0,2020-01-11T07:00:00Z
Lebanon,0,2020-01-11T07:00:00Z
Finland,0,2020-01-11T07:00:00Z
Zambia,0,2020-01-11T07:00:00Z
Senegal,0,2020-01-11T07:00:00Z
Myanmar,0,2020-01-11T07:00:00Z
Ghana,0,2020-01-11T07:00:00Z
Croatia,0,2020-01-11T07:00:00Z
Norway,0,2020-01-11T07:00:00Z
DRC,0,2020-01-11T07:00:00Z
Bahrain,0,2020-01-11T07:00:00Z
Tunisia,0,2020-01-11T07:00:00Z
Madagascar,0,2020-01-11T07:00:00Z
Haiti,0,2020-01-11T07:00:00Z
Zimbabwe,0,2020-01-11T07:00:00Z
Qatar,0,2020-01-11T07:00:00Z
Syria,0,2020-01-11T07:00:00Z
Angola,0,2020-01-11T07:00:00Z
Malawi,0,2020-01-11T07:00:00Z
Montenegro,0,2020-01-11T07:00:00Z
Mauritania,0,2020-01-11T07:00:00Z
Nicaragua,0,2020-01-11T07:00:00Z
Slovenia,0,2020-01-11T07:00:00Z
Malaysia,0,2020-01-11T07:00:00Z
Mali,0,2020-01-11T07:00:00Z
Luxembourg,0,2020-01-11T07:00:00Z
Cuba,0,2020-01-11T07:00:00Z
Namibia,0,2020-01-11T07:00:00Z
Cote d'Ivoire,0,2020-01-11T07:00:00Z
Gambia,0,2020-01-11T07:00:00Z
Eswatini,0,2020-01-11T07:00:00Z
Jamaica,0,2020-01-11T07:00:00Z
Suriname,0,2020-01-11T07:00:00Z
Somalia,0,2020-01-11T07:00:00Z
Bahamas,0,2020-01-11T07:00:00Z
Lithuania,0,2020-01-11T07:00:00Z
Congo,0,2020-01-11T07:00:00Z
Chad,0,2020-01-11T07:00:00Z
Equatorial Guinea,0,2020-01-11T07:00:00Z
Liberia,0,2020-01-11T07:00:00Z
Guyana,0,2020-01-11T07:00:00Z
Tajikistan,0,2020-01-11T07:00:00Z
Trinidad and Tobago,0,2020-01-11T07:00:00Z
Uganda,0,2020-01-11T07:00:00Z
Sierra Leone,0,2020-01-11T07:00:00Z
Niger,0,2020-01-11T07:00:00Z
Guinea,0,2020-01-11T07:00:00Z
French Guiana,0,2020-01-11T07:00:00Z
Estonia,0,2020-01-11T07:00:00Z
Central African Republic,0,2020-01-11T07:00:00Z
Jordan,0,2020-01-11T07:00:00Z
Djibouti,0,2020-01-11T07:00:00Z
Mozambique,0,2020-01-11T07:00:00Z
Cabo Verde,0,2020-01-11T07:00:00Z
Thailand,0,2020-01-11T07:00:00Z
Burkina Faso,0,2020-01-11T07:00:00Z
Guadeloupe,0,2020-01-11T07:00:00Z
Gabon,0,2020-01-11T07:00:00Z
Andorra,0,2020-01-11T07:00:00Z
Guam,0,2020-01-11T07:00:00Z
South Sudan,0,2020-01-11T07:00:00Z
Togo,0,2020-01-11T07:00:00Z
Uruguay,0,2020-01-11T07:00:00Z
Slovakia,0,2020-01-11T07:00:00Z
San Marino,0,2020-01-11T07:00:00Z
Mayotte,0,2020-01-11T07:00:00Z
Benin,0,2020-01-11T07:00:00Z
Georgia,0,2020-01-11T07:00:00Z
Guinea-Bissau,0,2020-01-11T07:00:00Z
Latvia,0,2020-01-11T07:00:00Z
Lesotho,0,2020-01-11T07:00:00Z
Vietnam,0,2020-01-11T07:00:00Z
Malta,0,2020-01-11T07:00:00Z
Maldives,0,2020-01-11T07:00:00Z
Jersey,0,2020-01-11T07:00:00Z
Rwanda,0,2020-01-11T07:00:00Z
Singapore,0,2020-01-11T07:00:00Z
Belize,0,2020-01-11T07:00:00Z
Aruba,0,2020-01-11T07:00:00Z
New Zealand,0,2020-01-11T07:00:00Z
Isle of Man,0,2020-01-11T07:00:00Z
Cyprus,0,2020-01-11T07:00:00Z
Sint Maarten,0,2020-01-11T07:00:00Z
Martinique,0,2020-01-11T07:00:00Z
Tanzania,0,2020-01-11T07:00:00Z
US Virgin Islands,0,2020-01-11T07:00:00Z
Botswana,0,2020-01-11T07:00:00Z
Reunion,0,2020-01-11T07:00:00Z
São Tomé and Príncipe,0,2020-01-11T07:00:00Z
Other,0,2020-01-11T07:00:00Z
Sri Lanka,0,2020-01-11T07:00:00Z
Guernsey,0,2020-01-11T07:00:00Z
Iceland,0,2020-01-11T07:00:00Z
Mauritius,0,2020-01-11T07:00:00Z
Bermuda,0,2020-01-11T07:00:00Z
Saint Martin,0,2020-01-11T07:00:00Z
Barbados,0,2020-01-11T07:00:00Z
Comoros,0,2020-01-11T07:00:00Z
Papua New Guinea,0,2020-01-11T07:00:00Z
French Polynesia,0,2020-01-11T07:00:00Z
Turks and Caicos,0,2020-01-11T07:00:00Z
Brunei,0,2020-01-11T07:00:00Z
Antigua and Barbuda,0,2020-01-11T07:00:00Z
Northern Mariana Islands,0,2020-01-11T07:00:00Z
Fiji,0,2020-01-11T07:00:00Z
Cayman Islands,0,2020-01-11T07:00:00Z
Curaçao,0,2020-01-11T07:00:00Z
Liechtenstein,0,2020-01-11T07:00:00Z
Monaco,0,2020-01-11T07:00:00Z
British Virgin Islands,0,2020-01-11T07:00:00Z
Burundi,0,2020-01-11T07:00:00Z
Montserrat,0,2020-01-11T07:00:00Z
Caribbean Netherlands,0,2020-01-11T07:00:00Z
USA,0,2020-02-01T07:00:00Z
Brazil,0,2020-02-01T07:00:00Z
India,0,2020-02-01T07:00:00Z
Mexico,0,2020-02-01T07:00:00Z
UK,0,2020-02-01T07:00:00Z
Italy,0,2020-02-01T07:00:00Z
Peru,0,2020-02-01T07:00:00Z
Spain,0,2020-02-01T07:00:00Z
France,0,2020-02-01T07:00:00Z
Iran,0,2020-02-01T07:00:00Z
Colombia,0,2020-02-01T07:00:00Z
Russia,0,2020-02-01T07:00:00Z
South Africa,0,2020-02-01T07:00:00Z
Argentina,0,2020-02-01T07:00:00Z
Chile,0,2020-02-01T07:00:00Z
Ecuador,0,2020-02-01T07:00:00Z
Indonesia,0,2020-02-01T07:00:00Z
Belgium,0,2020-02-01T07:00:00Z
Germany,0,2020-02-01T07:00:00Z
Canada,0,2020-02-01T07:00:00Z
Iraq,0,2020-02-01T07:00:00Z
Turkey,0,2020-02-01T07:00:00Z
Bolivia,0,2020-02-01T07:00:00Z
Pakistan,0,2020-02-01T07:00:00Z
Netherlands,0,2020-02-01T07:00:00Z
Egypt,0,2020-02-01T07:00:00Z
Sweden,0,2020-02-01T07:00:00Z
Philippines,0,2020-02-01T07:00:00Z
Bangladesh,0,2020-02-01T07:00:00Z
Romania,0,2020-02-01T07:00:00Z
Saudi Arabia,0,2020-02-01T07:00:00Z
China,259,2020-02-01T07:00:00Z
Ukraine,0,2020-02-01T07:00:00Z
Guatemala,0,2020-02-01T07:00:00Z
Poland,0,2020-02-01T07:00:00Z
Panama,0,2020-02-01T07:00:00Z
Honduras,0,2020-02-01T07:00:00Z
Morocco,0,2020-02-01T07:00:00Z
Dominican Republic,0,2020-02-01T07:00:00Z
Kazakhstan,0,2020-02-01T07:00:00Z
Portugal,0,2020-02-01T07:00:00Z
Ireland,0,2020-02-01T07:00:00Z
Switzerland,0,2020-02-01T07:00:00Z
Algeria,0,2020-02-01T07:00:00Z
Japan,0,2020-02-01T07:00:00Z
Israel,0,2020-02-01T07:00:00Z
Afghanistan,0,2020-02-01T07:00:00Z
Moldova,0,2020-02-01T07:00:00Z
Ethiopia,0,2020-02-01T07:00:00Z
Nigeria,0,2020-02-01T07:00:00Z
Kyrgyzstan,0,2020-02-01T07:00:00Z
Armenia,0,2020-02-01T07:00:00Z
Oman,0,2020-02-01T07:00:00Z
Australia,0,2020-02-01T07:00:00Z
Costa Rica,0,2020-02-01T07:00:00Z
Bosnia and Herzegovina,0,2020-02-01T07:00:00Z
El Salvador,0,2020-02-01T07:00:00Z
Paraguay,0,2020-02-01T07:00:00Z
Sudan,0,2020-02-01T07:00:00Z
Belarus,0,2020-02-01T07:00:00Z
Bulgaria,0,2020-02-01T07:00:00Z
Austria,0,2020-02-01T07:00:00Z
Hungary,0,2020-02-01T07:00:00Z
Serbia,0,2020-02-01T07:00:00Z
North Macedonia,0,2020-02-01T07:00:00Z
Kenya,0,2020-02-01T07:00:00Z
Puerto Rico,0,2020-02-01T07:00:00Z
Czechia,0,2020-02-01T07:00:00Z
Denmark,0,2020-02-01T07:00:00Z
Venezuela,0,2020-02-01T07:00:00Z
Kosovo,0,2020-02-01T07:00:00Z
Kuwait,0,2020-02-01T07:00:00Z
Azerbaijan,0,2020-02-01T07:00:00Z
Yemen,0,2020-02-01T07:00:00Z
Libya,0,2020-02-01T07:00:00Z
Nepal,0,2020-02-01T07:00:00Z
Uzbekistan,0,2020-02-01T07:00:00Z
Cameroon,0,2020-02-01T07:00:00Z
UAE,0,2020-02-01T07:00:00Z
South Korea,0,2020-02-01T07:00:00Z
Greece,0,2020-02-01T07:00:00Z
Albania,0,2020-02-01T07:00:00Z
Palestine,0,2020-02-01T07:00:00Z
Lebanon,0,2020-02-01T07:00:00Z
Finland,0,2020-02-01T07:00:00Z
Zambia,0,2020-02-01T07:00:00Z
Senegal,0,2020-02-01T07:00:00Z
Myanmar,0,2020-02-01T07:00:00Z
Ghana,0,2020-02-01T07:00:00Z
Croatia,0,2020-02-01T07:00:00Z
Norway,0,2020-02-01T07:00:00Z
DRC,0,2020-02-01T07:00:00Z
Bahrain,0,2020-02-01T07:00:00Z
Tunisia,0,2020-02-01T07:00:00Z
Madagascar,0,2020-02-01T07:00:00Z
Haiti,0,2020-02-01T07:00:00Z
Zimbabwe,0,2020-02-01T07:00:00Z
Qatar,0,2020-02-01T07:00:00Z
Syria,0,2020-02-01T07:00:00Z
Angola,0,2020-02-01T07:00:00Z
Malawi,0,2020-02-01T07:00:00Z
Montenegro,0,2020-02-01T07:00:00Z
Mauritania,0,2020-02-01T07:00:00Z
Nicaragua,0,2020-02-01T07:00:00Z
Slovenia,0,2020-02-01T07:00:00Z
Malaysia,0,2020-02-01T07:00:00Z
Mali,0,2020-02-01T07:00:00Z
Luxembourg,0,2020-02-01T07:00:00Z
Cuba,0,2020-02-01T07:00:00Z
Namibia,0,2020-02-01T07:00:00Z
Cote d'Ivoire,0,2020-02-01T07:00:00Z
Gambia,0,2020-02-01T07:00:00Z
Eswatini,0,2020-02-01T07:00:00Z
Jamaica,0,2020-02-01T07:00:00Z
Suriname,0,2020-02-01T07:00:00Z
Somalia,0,2020-02-01T07:00:00Z
Bahamas,0,2020-02-01T07:00:00Z
Lithuania,0,2020-02-01T07:00:00Z
Congo,0,2020-02-01T07:00:00Z
Chad,0,2020-02-01T07:00:00Z
Equatorial Guinea,0,2020-02-01T07:00:00Z
Liberia,0,2020-02-01T07:00:00Z
Guyana,0,2020-02-01T07:00:00Z
Tajikistan,0,2020-02-01T07:00:00Z
Trinidad and Tobago,0,2020-02-01T07:00:00Z
Uganda,0,2020-02-01T07:00:00Z
Sierra Leone,0,2020-02-01T07:00:00Z
Niger,0,2020-02-01T07:00:00Z
Guinea,0,2020-02-01T07:00:00Z
French Guiana,0,2020-02-01T07:00:00Z
Estonia,0,2020-02-01T07:00:00Z
Central African Republic,0,2020-02-01T07:00:00Z
Jordan,0,2020-02-01T07:00:00Z
Djibouti,0,2020-02-01T07:00:00Z
Mozambique,0,2020-02-01T07:00:00Z
Cabo Verde,0,2020-02-01T07:00:00Z
Thailand,0,2020-02-01T07:00:00Z
Burkina Faso,0,2020-02-01T07:00:00Z
Guadeloupe,0,2020-02-01T07:00:00Z
Gabon,0,2020-02-01T07:00:00Z
Andorra,0,2020-02-01T07:00:00Z
Guam,0,2020-02-01T07:00:00Z
South Sudan,0,2020-02-01T07:00:00Z
Togo,0,2020-02-01T07:00:00Z
Uruguay,0,2020-02-01T07:00:00Z
Slovakia,0,2020-02-01T07:00:00Z
San Marino,0,2020-02-01T07:00:00Z
Mayotte,0,2020-02-01T07:00:00Z
Benin,0,2020-02-01T07:00:00Z
Georgia,0,2020-02-01T07:00:00Z
Guinea-Bissau,0,2020-02-01T07:00:00Z
Latvia,0,2020-02-01T07:00:00Z
Lesotho,0,2020-02-01T07:00:00Z
Vietnam,0,2020-02-01T07:00:00Z
Malta,0,2020-02-01T07:00:00Z
Maldives,0,2020-02-01T07:00:00Z
Jersey,0,2020-02-01T07:00:00Z
Rwanda,0,2020-02-01T07:00:00Z
Singapore,0,2020-02-01T07:00:00Z
Belize,0,2020-02-01T07:00:00Z
Aruba,0,2020-02-01T07:00:00Z
New Zealand,0,2020-02-01T07:00:00Z
Isle of Man,0,2020-02-01T07:00:00Z
Cyprus,0,2020-02-01T07:00:00Z
Sint Maarten,0,2020-02-01T07:00:00Z
Martinique,0,2020-02-01T07:00:00Z
Tanzania,0,2020-02-01T07:00:00Z
US Virgin Islands,0,2020-02-01T07:00:00Z
Botswana,0,2020-02-01T07:00:00Z
Reunion,0,2020-02-01T07:00:00Z
São Tomé and Príncipe,0,2020-02-01T07:00:00Z
Other,0,2020-02-01T07:00:00Z
Sri Lanka,0,2020-02-01T07:00:00Z
Guernsey,0,2020-02-01T07:00:00Z
Iceland,0,2020-02-01T07:00:00Z
Mauritius,0,2020-02-01T07:00:00Z
Bermuda,0,2020-02-01T07:00:00Z
Saint Martin,0,2020-02-01T07:00:00Z
Barbados,0,2020-02-01T07:00:00Z
Comoros,0,2020-02-01T07:00:00Z
Papua New Guinea,0,2020-02-01T07:00:00Z
French Polynesia,0,2020-02-01T07:00:00Z
Turks and Caicos,0,2020-02-01T07:00:00Z
Brunei,0,2020-02-01T07:00:00Z
Antigua and Barbuda,0,2020-02-01T07:00:00Z
Northern Mariana Islands,0,2020-02-01T07:00:00Z
Fiji,0,2020-02-01T07:00:00Z
Cayman Islands,0,2020-02-01T07:00:00Z
Curaçao,0,2020-02-01T07:00:00Z
Liechtenstein,0,2020-02-01T07:00:00Z
Monaco,0,2020-02-01T07:00:00Z
British Virgin Islands,0,2020-02-01T07:00:00Z
Burundi,0,2020-02-01T07:00:00Z
Montserrat,0,2020-02-01T07:00:00Z
Caribbean Netherlands,0,2020-02-01T07:00:00Z
USA,0,2020-03-01T07:00:00Z
Brazil,0,2020-03-01T07:00:00Z
India,0,2020-03-01T07:00:00Z
Mexico,0,2020-03-01T07:00:00Z
UK,0,2020-03-01T07:00:00Z
Italy,29,2020-03-01T07:00:00Z
Peru,0,2020-03-01T07:00:00Z
Spain,0,2020-03-01T07:00:00Z
France,2,2020-03-01T07:00:00Z
Iran,43,2020-03-01T07:00:00Z
Colombia,0,2020-03-01T07:00:00Z
Russia,0,2020-03-01T07:00:00Z
South Africa,0,2020-03-01T07:00:00Z
Argentina,0,2020-03-01T07:00:00Z
Chile,0,2020-03-01T07:00:00Z
Ecuador,0,2020-03-01T07:00:00Z
Indonesia,0,2020-03-01T07:00:00Z
Belgium,0,2020-03-01T07:00:00Z
Germany,0,2020-03-01T07:00:00Z
Canada,0,2020-03-01T07:00:00Z
Iraq,0,2020-03-01T07:00:00Z
Turkey,0,2020-03-01T07:00:00Z
Bolivia,0,2020-03-01T07:00:00Z
Pakistan,0,2020-03-01T07:00:00Z
Netherlands,0,2020-03-01T07:00:00Z
Egypt,0,2020-03-01T07:00:00Z
Sweden,0,2020-03-01T07:00:00Z
Philippines,1,2020-03-01T07:00:00Z
Bangladesh,0,2020-03-01T07:00:00Z
Romania,0,2020-03-01T07:00:00Z
Saudi Arabia,0,2020-03-01T07:00:00Z
China,2873,2020-03-01T07:00:00Z
Ukraine,0,2020-03-01T07:00:00Z
Guatemala,0,2020-03-01T07:00:00Z
Poland,0,2020-03-01T07:00:00Z
Panama,0,2020-03-01T07:00:00Z
Honduras,0,2020-03-01T07:00:00Z
Morocco,0,2020-03-01T07:00:00Z
Dominican Republic,0,2020-03-01T07:00:00Z
Kazakhstan,0,2020-03-01T07:00:00Z
Portugal,0,2020-03-01T07:00:00Z
Ireland,0,2020-03-01T07:00:00Z
Switzerland,0,2020-03-01T07:00:00Z
Algeria,0,2020-03-01T07:00:00Z
Japan,5,2020-03-01T07:00:00Z
Israel,0,2020-03-01T07:00:00Z
Afghanistan,0,2020-03-01T07:00:00Z
Moldova,0,2020-03-01T07:00:00Z
Ethiopia,0,2020-03-01T07:00:00Z
Nigeria,0,2020-03-01T07:00:00Z
Kyrgyzstan,0,2020-03-01T07:00:00Z
Armenia,0,2020-03-01T07:00:00Z
Oman,0,2020-03-01T07:00:00Z
Australia,0,2020-03-01T07:00:00Z
Costa Rica,0,2020-03-01T07:00:00Z
Bosnia and Herzegovina,0,2020-03-01T07:00:00Z
El Salvador,0,2020-03-01T07:00:00Z
Paraguay,0,2020-03-01T07:00:00Z
Sudan,0,2020-03-01T07:00:00Z
Belarus,0,2020-03-01T07:00:00Z
Bulgaria,0,2020-03-01T07:00:00Z
Austria,0,2020-03-01T07:00:00Z
Hungary,0,2020-03-01T07:00:00Z
Serbia,0,2020-03-01T07:00:00Z
North Macedonia,0,2020-03-01T07:00:00Z
Kenya,0,2020-03-01T07:00:00Z
Puerto Rico,0,2020-03-01T07:00:00Z
Czechia,0,2020-03-01T07:00:00Z
Denmark,0,2020-03-01T07:00:00Z
Venezuela,0,2020-03-01T07:00:00Z
Kosovo,0,2020-03-01T07:00:00Z
Kuwait,0,2020-03-01T07:00:00Z
Azerbaijan,0,2020-03-01T07:00:00Z
Yemen,0,2020-03-01T07:00:00Z
Libya,0,2020-03-01T07:00:00Z
Nepal,0,2020-03-01T07:00:00Z
Uzbekistan,0,2020-03-01T07:00:00Z
Cameroon,0,2020-03-01T07:00:00Z
UAE,0,2020-03-01T07:00:00Z
South Korea,18,2020-03-01T07:00:00Z
Greece,0,2020-03-01T07:00:00Z
Albania,0,2020-03-01T07:00:00Z
Palestine,0,2020-03-01T07:00:00Z
Lebanon,0,2020-03-01T07:00:00Z
Finland,0,2020-03-01T07:00:00Z
Zambia,0,2020-03-01T07:00:00Z
Senegal,0,2020-03-01T07:00:00Z
Myanmar,0,2020-03-01T07:00:00Z
Ghana,0,2020-03-01T07:00:00Z
Croatia,0,2020-03-01T07:00:00Z
Norway,0,2020-03-01T07:00:00Z
DRC,0,2020-03-01T07:00:00Z
Bahrain,0,2020-03-01T07:00:00Z
Tunisia,0,2020-03-01T07:00:00Z
Madagascar,0,2020-03-01T07:00:00Z
Haiti,0,2020-03-01T07:00:00Z
Zimbabwe,0,2020-03-01T07:00:00Z
Qatar,0,2020-03-01T07:00:00Z
Syria,0,2020-03-01T07:00:00Z
Angola,0,2020-03-01T07:00:00Z
Malawi,0,2020-03-01T07:00:00Z
Montenegro,0,2020-03-01T07:00:00Z
Mauritania,0,2020-03-01T07:00:00Z
Nicaragua,0,2020-03-01T07:00:00Z
Slovenia,0,2020-03-01T07:00:00Z
Malaysia,0,2020-03-01T07:00:00Z
Mali,0,2020-03-01T07:00:00Z
Luxembourg,0,2020-03-01T07:00:00Z
Cuba,0,2020-03-01T07:00:00Z
Namibia,0,2020-03-01T07:00:00Z
Cote d'Ivoire,0,2020-03-01T07:00:00Z
Gambia,0,2020-03-01T07:00:00Z
Eswatini,0,2020-03-01T07:00:00Z
Jamaica,0,2020-03-01T07:00:00Z
Suriname,0,2020-03-01T07:00:00Z
Somalia,0,2020-03-01T07:00:00Z
Bahamas,0,2020-03-01T07:00:00Z
Lithuania,0,2020-03-01T07:00:00Z
Congo,0,2020-03-01T07:00:00Z
Chad,0,2020-03-01T07:00:00Z
Equatorial Guinea,0,2020-03-01T07:00:00Z
Liberia,0,2020-03-01T07:00:00Z
Guyana,0,2020-03-01T07:00:00Z
Tajikistan,0,2020-03-01T07:00:00Z
Trinidad and Tobago,0,2020-03-01T07:00:00Z
Uganda,0,2020-03-01T07:00:00Z
Sierra Leone,0,2020-03-01T07:00:00Z
Niger,0,2020-03-01T07:00:00Z
Guinea,0,2020-03-01T07:00:00Z
French Guiana,0,2020-03-01T07:00:00Z
Estonia,0,2020-03-01T07:00:00Z
Central African Republic,0,2020-03-01T07:00:00Z
Jordan,0,2020-03-01T07:00:00Z
Djibouti,0,2020-03-01T07:00:00Z
Mozambique,0,2020-03-01T07:00:00Z
Cabo Verde,0,2020-03-01T07:00:00Z
Thailand,0,2020-03-01T07:00:00Z
Burkina Faso,0,2020-03-01T07:00:00Z
Guadeloupe,0,2020-03-01T07:00:00Z
Gabon,0,2020-03-01T07:00:00Z
Andorra,0,2020-03-01T07:00:00Z
Guam,0,2020-03-01T07:00:00Z
South Sudan,0,2020-03-01T07:00:00Z
Togo,0,2020-03-01T07:00:00Z
Uruguay,0,2020-03-01T07:00:00Z
Slovakia,0,2020-03-01T07:00:00Z
San Marino,0,2020-03-01T07:00:00Z
Mayotte,0,2020-03-01T07:00:00Z
Benin,0,2020-03-01T07:00:00Z
Georgia,0,2020-03-01T07:00:00Z
Guinea-Bissau,0,2020-03-01T07:00:00Z
Latvia,0,2020-03-01T07:00:00Z
Lesotho,0,2020-03-01T07:00:00Z
Vietnam,0,2020-03-01T07:00:00Z
Malta,0,2020-03-01T07:00:00Z
Maldives,0,2020-03-01T07:00:00Z
Jersey,0,2020-03-01T07:00:00Z
Rwanda,0,2020-03-01T07:00:00Z
Singapore,0,2020-03-01T07:00:00Z
Belize,0,2020-03-01T07:00:00Z
Aruba,0,2020-03-01T07:00:00Z
New Zealand,0,2020-03-01T07:00:00Z
Isle of Man,0,2020-03-01T07:00:00Z
Cyprus,0,2020-03-01T07:00:00Z
Sint Maarten,0,2020-03-01T07:00:00Z
Martinique,0,2020-03-01T07:00:00Z
Tanzania,0,2020-03-01T07:00:00Z
US Virgin Islands,0,2020-03-01T07:00:00Z
Botswana,0,2020-03-01T07:00:00Z
Reunion,0,2020-03-01T07:00:00Z
São Tomé and Príncipe,0,2020-03-01T07:00:00Z
Other,6,2020-03-01T07:00:00Z
Sri Lanka,0,2020-03-01T07:00:00Z
Guernsey,0,2020-03-01T07:00:00Z
Iceland,0,2020-03-01T07:00:00Z
Mauritius,0,2020-03-01T07:00:00Z
Bermuda,0,2020-03-01T07:00:00Z
Saint Martin,0,2020-03-01T07:00:00Z
Barbados,0,2020-03-01T07:00:00Z
Comoros,0,2020-03-01T07:00:00Z
Papua New Guinea,0,2020-03-01T07:00:00Z
French Polynesia,0,2020-03-01T07:00:00Z
Turks and Caicos,0,2020-03-01T07:00:00Z
Brunei,0,2020-03-01T07:00:00Z
Antigua and Barbuda,0,2020-03-01T07:00:00Z
Northern Mariana Islands,0,2020-03-01T07:00:00Z
Fiji,0,2020-03-01T07:00:00Z
Cayman Islands,0,2020-03-01T07:00:00Z
Curaçao,0,2020-03-01T07:00:00Z
Liechtenstein,0,2020-03-01T07:00:00Z
Monaco,0,2020-03-01T07:00:00Z
British Virgin Islands,0,2020-03-01T07:00:00Z
Burundi,0,2020-03-01T07:00:00Z
Montserrat,0,2020-03-01T07:00:00Z
Caribbean Netherlands,0,2020-03-01T07:00:00Z
USA,2850,2020-04-01T07:00:00Z
Brazil,159,2020-04-01T07:00:00Z
India,38,2020-04-01T07:00:00Z
Mexico,28,2020-04-01T07:00:00Z
UK,1789,2020-04-01T07:00:00Z
Italy,12430,2020-04-01T07:00:00Z
Peru,24,2020-04-01T07:00:00Z
Spain,8189,2020-04-01T07:00:00Z
France,3514,2020-04-01T07:00:00Z
Iran,2898,2020-04-01T07:00:00Z
Colombia,14,2020-04-01T07:00:00Z
Russia,17,2020-04-01T07:00:00Z
South Africa,5,2020-04-01T07:00:00Z
Argentina,24,2020-04-01T07:00:00Z
Chile,12,2020-04-01T07:00:00Z
Ecuador,75,2020-04-01T07:00:00Z
Indonesia,136,2020-04-01T07:00:00Z
Belgium,705,2020-04-01T07:00:00Z
Germany,732,2020-04-01T07:00:00Z
Canada,89,2020-04-01T07:00:00Z
Iraq,50,2020-04-01T07:00:00Z
Turkey,214,2020-04-01T07:00:00Z
Bolivia,6,2020-04-01T07:00:00Z
Pakistan,26,2020-04-01T07:00:00Z
Netherlands,1039,2020-04-01T07:00:00Z
Egypt,46,2020-04-01T07:00:00Z
Sweden,180,2020-04-01T07:00:00Z
Philippines,88,2020-04-01T07:00:00Z
Bangladesh,6,2020-04-01T07:00:00Z
Romania,69,2020-04-01T07:00:00Z
Saudi Arabia,10,2020-04-01T07:00:00Z
China,3321,2020-04-01T07:00:00Z
Ukraine,17,2020-04-01T07:00:00Z
Guatemala,1,2020-04-01T07:00:00Z
Poland,33,2020-04-01T07:00:00Z
Panama,24,2020-04-01T07:00:00Z
Honduras,2,2020-04-01T07:00:00Z
Morocco,36,2020-04-01T07:00:00Z
Dominican Republic,51,2020-04-01T07:00:00Z
Kazakhstan,2,2020-04-01T07:00:00Z
Portugal,160,2020-04-01T07:00:00Z
Ireland,71,2020-04-01T07:00:00Z
Switzerland,373,2020-04-01T07:00:00Z
Algeria,35,2020-04-01T07:00:00Z
Japan,57,2020-04-01T07:00:00Z
Israel,21,2020-04-01T07:00:00Z
Afghanistan,4,2020-04-01T07:00:00Z
Moldova,3,2020-04-01T07:00:00Z
Ethiopia,0,2020-04-01T07:00:00Z
Nigeria,1,2020-04-01T07:00:00Z
Kyrgyzstan,0,2020-04-01T07:00:00Z
Armenia,3,2020-04-01T07:00:00Z
Oman,1,2020-04-01T07:00:00Z
Australia,20,2020-04-01T07:00:00Z
Costa Rica,2,2020-04-01T07:00:00Z
Bosnia and Herzegovina,12,2020-04-01T07:00:00Z
El Salvador,0,2020-04-01T07:00:00Z
Paraguay,3,2020-04-01T07:00:00Z
Sudan,2,2020-04-01T07:00:00Z
Belarus,0,2020-04-01T07:00:00Z
Bulgaria,8,2020-04-01T07:00:00Z
Austria,128,2020-04-01T07:00:00Z
Hungary,16,2020-04-01T07:00:00Z
Serbia,13,2020-04-01T07:00:00Z
North Macedonia,9,2020-04-01T07:00:00Z
Kenya,1,2020-04-01T07:00:00Z
Puerto Rico,8,2020-04-01T07:00:00Z
Czechia,31,2020-04-01T07:00:00Z
Denmark,90,2020-04-01T07:00:00Z
Venezuela,3,2020-04-01T07:00:00Z
Kosovo,1,2020-04-01T07:00:00Z
Kuwait,0,2020-04-01T07:00:00Z
Azerbaijan,5,2020-04-01T07:00:00Z
Yemen,0,2020-04-01T07:00:00Z
Libya,0,2020-04-01T07:00:00Z
Nepal,0,2020-04-01T07:00:00Z
Uzbekistan,2,2020-04-01T07:00:00Z
Cameroon,6,2020-04-01T07:00:00Z
UAE,6,2020-04-01T07:00:00Z
South Korea,165,2020-04-01T07:00:00Z
Greece,49,2020-04-01T07:00:00Z
Albania,13,2020-04-01T07:00:00Z
Palestine,1,2020-04-01T07:00:00Z
Lebanon,12,2020-04-01T07:00:00Z
Finland,17,2020-04-01T07:00:00Z
Zambia,0,2020-04-01T07:00:00Z
Senegal,0,2020-04-01T07:00:00Z
Myanmar,1,2020-04-01T07:00:00Z
Ghana,5,2020-04-01T07:00:00Z
Croatia,6,2020-04-01T07:00:00Z
Norway,28,2020-04-01T07:00:00Z
DRC,8,2020-04-01T07:00:00Z
Bahrain,4,2020-04-01T07:00:00Z
Tunisia,10,2020-04-01T07:00:00Z
Madagascar,0,2020-04-01T07:00:00Z
Haiti,0,2020-04-01T07:00:00Z
Zimbabwe,1,2020-04-01T07:00:00Z
Qatar,2,2020-04-01T07:00:00Z
Syria,2,2020-04-01T07:00:00Z
Angola,2,2020-04-01T07:00:00Z
Malawi,0,2020-04-01T07:00:00Z
Montenegro,2,2020-04-01T07:00:00Z
Mauritania,0,2020-04-01T07:00:00Z
Nicaragua,1,2020-04-01T07:00:00Z
Slovenia,13,2020-04-01T07:00:00Z
Malaysia,43,2020-04-01T07:00:00Z
Mali,0,2020-04-01T07:00:00Z
Luxembourg,23,2020-04-01T07:00:00Z
Cuba,6,2020-04-01T07:00:00Z
Namibia,0,2020-04-01T07:00:00Z
Cote d'Ivoire,0,2020-04-01T07:00:00Z
Gambia,1,2020-04-01T07:00:00Z
Eswatini,0,2020-04-01T07:00:00Z
Jamaica,1,2020-04-01T07:00:00Z
Suriname,0,2020-04-01T07:00:00Z
Somalia,0,2020-04-01T07:00:00Z
Bahamas,0,2020-04-01T07:00:00Z
Lithuania,7,2020-04-01T07:00:00Z
Congo,0,2020-04-01T07:00:00Z
Chad,0,2020-04-01T07:00:00Z
Equatorial Guinea,0,2020-04-01T07:00:00Z
Liberia,0,2020-04-01T07:00:00Z
Guyana,2,2020-04-01T07:00:00Z
Tajikistan,0,2020-04-01T07:00:00Z
Trinidad and Tobago,3,2020-04-01T07:00:00Z
Uganda,0,2020-04-01T07:00:00Z
Sierra Leone,0,2020-04-01T07:00:00Z
Niger,3,2020-04-01T07:00:00Z
Guinea,0,2020-04-01T07:00:00Z
French Guiana,0,2020-04-01T07:00:00Z
Estonia,4,2020-04-01T07:00:00Z
Central African Republic,0,2020-04-01T07:00:00Z
Jordan,5,2020-04-01T07:00:00Z
Djibouti,0,2020-04-01T07:00:00Z
Mozambique,0,2020-04-01T07:00:00Z
Cabo Verde,1,2020-04-01T07:00:00Z
Thailand,12,2020-04-01T07:00:00Z
Burkina Faso,14,2020-04-01T07:00:00Z
Guadeloupe,5,2020-04-01T07:00:00Z
Gabon,1,2020-04-01T07:00:00Z
Andorra,12,2020-04-01T07:00:00Z
Guam,2,2020-04-01T07:00:00Z
South Sudan,0,2020-04-01T07:00:00Z
Togo,1,2020-04-01T07:00:00Z
Uruguay,1,2020-04-01T07:00:00Z
Slovakia,0,2020-04-01T07:00:00Z
San Marino,26,2020-04-01T07:00:00Z
Mayotte,0,2020-04-01T07:00:00Z
Benin,0,2020-04-01T07:00:00Z
Georgia,0,2020-04-01T07:00:00Z
Guinea-Bissau,0,2020-04-01T07:00:00Z
Latvia,0,2020-04-01T07:00:00Z
Lesotho,0,2020-04-01T07:00:00Z
Vietnam,0,2020-04-01T07:00:00Z
Malta,0,2020-04-01T07:00:00Z
Maldives,0,2020-04-01T07:00:00Z
Jersey,2,2020-04-01T07:00:00Z
Rwanda,0,2020-04-01T07:00:00Z
Singapore,3,2020-04-01T07:00:00Z
Belize,0,2020-04-01T07:00:00Z
Aruba,0,2020-04-01T07:00:00Z
New Zealand,1,2020-04-01T07:00:00Z
Isle of Man,0,2020-04-01T07:00:00Z
Cyprus,8,2020-04-01T07:00:00Z
Sint Maarten,0,2020-04-01T07:00:00Z
Martinique,2,2020-04-01T07:00:00Z
Tanzania,1,2020-04-01T07:00:00Z
US Virgin Islands,0,2020-04-01T07:00:00Z
Botswana,0,2020-04-01T07:00:00Z
Reunion,0,2020-04-01T07:00:00Z
São Tomé and Príncipe,0,2020-04-01T07:00:00Z
Other,7,2020-04-01T07:00:00Z
Sri Lanka,2,2020-04-01T07:00:00Z
Guernsey,1,2020-04-01T07:00:00Z
Iceland,2,2020-04-01T07:00:00Z
Mauritius,5,2020-04-01T07:00:00Z
Bermuda,0,2020-04-01T07:00:00Z
Saint Martin,2,2020-04-01T07:00:00Z
Barbados,0,2020-04-01T07:00:00Z
Comoros,0,2020-04-01T07:00:00Z
Papua New Guinea,0,2020-04-01T07:00:00Z
French Polynesia,0,2020-04-01T07:00:00Z
Turks and Caicos,0,2020-04-01T07:00:00Z
Brunei,1,2020-04-01T07:00:00Z
Antigua and Barbuda,0,2020-04-01T07:00:00Z
Northern Mariana Islands,0,2020-04-01T07:00:00Z
Fiji,0,2020-04-01T07:00:00Z
Cayman Islands,1,2020-04-01T07:00:00Z
Curaçao,1,2020-04-01T07:00:00Z
Liechtenstein,0,2020-04-01T07:00:00Z
Monaco,0,2020-04-01T07:00:00Z
British Virgin Islands,0,2020-04-01T07:00:00Z
Burundi,0,2020-04-01T07:00:00Z
Montserrat,0,2020-04-01T07:00:00Z
Caribbean Netherlands,0,2020-04-01T07:00:00Z
USA,55337,2020-05-01T07:00:00Z
Brazil,5466,2020-05-01T07:00:00Z
India,1147,2020-05-01T07:00:00Z
Mexico,1732,2020-05-01T07:00:00Z
UK,26771,2020-05-01T07:00:00Z
Italy,27967,2020-05-01T07:00:00Z
Peru,943,2020-05-01T07:00:00Z
Spain,24543,2020-05-01T07:00:00Z
France,24342,2020-05-01T07:00:00Z
Iran,6028,2020-05-01T07:00:00Z
Colombia,278,2020-05-01T07:00:00Z
Russia,1169,2020-05-01T07:00:00Z
South Africa,103,2020-05-01T07:00:00Z
Argentina,215,2020-05-01T07:00:00Z
Chile,227,2020-05-01T07:00:00Z
Ecuador,900,2020-05-01T07:00:00Z
Indonesia,792,2020-05-01T07:00:00Z
Belgium,7594,2020-05-01T07:00:00Z
Germany,6288,2020-05-01T07:00:00Z
Canada,3082,2020-05-01T07:00:00Z
Iraq,93,2020-05-01T07:00:00Z
Turkey,3174,2020-05-01T07:00:00Z
Bolivia,59,2020-05-01T07:00:00Z
Pakistan,385,2020-05-01T07:00:00Z
Netherlands,4795,2020-05-01T07:00:00Z
Egypt,392,2020-05-01T07:00:00Z
Sweden,2586,2020-05-01T07:00:00Z
Philippines,568,2020-05-01T07:00:00Z
Bangladesh,168,2020-05-01T07:00:00Z
Romania,717,2020-05-01T07:00:00Z
Saudi Arabia,162,2020-05-01T07:00:00Z
China,4643,2020-05-01T07:00:00Z
Ukraine,272,2020-05-01T07:00:00Z
Guatemala,16,2020-05-01T07:00:00Z
Poland,644,2020-05-01T07:00:00Z
Panama,178,2020-05-01T07:00:00Z
Honduras,71,2020-05-01T07:00:00Z
Morocco,170,2020-05-01T07:00:00Z
Dominican Republic,301,2020-05-01T07:00:00Z
Kazakhstan,25,2020-05-01T07:00:00Z
Portugal,989,2020-05-01T07:00:00Z
Ireland,1232,2020-05-01T07:00:00Z
Switzerland,1422,2020-05-01T07:00:00Z
Algeria,450,2020-05-01T07:00:00Z
Japan,432,2020-05-01T07:00:00Z
Israel,223,2020-05-01T07:00:00Z
Afghanistan,64,2020-05-01T07:00:00Z
Moldova,119,2020-05-01T07:00:00Z
Ethiopia,3,2020-05-01T07:00:00Z
Nigeria,58,2020-05-01T07:00:00Z
Kyrgyzstan,8,2020-05-01T07:00:00Z
Armenia,33,2020-05-01T07:00:00Z
Oman,11,2020-05-01T07:00:00Z
Australia,92,2020-05-01T07:00:00Z
Costa Rica,6,2020-05-01T07:00:00Z
Bosnia and Herzegovina,68,2020-05-01T07:00:00Z
El Salvador,9,2020-05-01T07:00:00Z
Paraguay,9,2020-05-01T07:00:00Z
Sudan,31,2020-05-01T07:00:00Z
Belarus,89,2020-05-01T07:00:00Z
Bulgaria,66,2020-05-01T07:00:00Z
Austria,584,2020-05-01T07:00:00Z
Hungary,323,2020-05-01T07:00:00Z
Serbia,179,2020-05-01T07:00:00Z
North Macedonia,77,2020-05-01T07:00:00Z
Kenya,17,2020-05-01T07:00:00Z
Puerto Rico,54,2020-05-01T07:00:00Z
Czechia,236,2020-05-01T07:00:00Z
Denmark,452,2020-05-01T07:00:00Z
Venezuela,10,2020-05-01T07:00:00Z
Kosovo,22,2020-05-01T07:00:00Z
Kuwait,26,2020-05-01T07:00:00Z
Azerbaijan,24,2020-05-01T07:00:00Z
Yemen,2,2020-05-01T07:00:00Z
Libya,3,2020-05-01T07:00:00Z
Nepal,0,2020-05-01T07:00:00Z
Uzbekistan,9,2020-05-01T07:00:00Z
Cameroon,61,2020-05-01T07:00:00Z
UAE,105,2020-05-01T07:00:00Z
South Korea,248,2020-05-01T07:00:00Z
Greece,140,2020-05-01T07:00:00Z
Albania,31,2020-05-01T07:00:00Z
Palestine,2,2020-05-01T07:00:00Z
Lebanon,24,2020-05-01T07:00:00Z
Finland,211,2020-05-01T07:00:00Z
Zambia,3,2020-05-01T07:00:00Z
Senegal,9,2020-05-01T07:00:00Z
Myanmar,6,2020-05-01T07:00:00Z
Ghana,17,2020-05-01T07:00:00Z
Croatia,69,2020-05-01T07:00:00Z
Norway,204,2020-05-01T07:00:00Z
DRC,31,2020-05-01T07:00:00Z
Bahrain,8,2020-05-01T07:00:00Z
Tunisia,41,2020-05-01T07:00:00Z
Madagascar,0,2020-05-01T07:00:00Z
Haiti,7,2020-05-01T07:00:00Z
Zimbabwe,4,2020-05-01T07:00:00Z
Qatar,10,2020-05-01T07:00:00Z
Syria,3,2020-05-01T07:00:00Z
Angola,2,2020-05-01T07:00:00Z
Malawi,3,2020-05-01T07:00:00Z
Montenegro,7,2020-05-01T07:00:00Z
Mauritania,1,2020-05-01T07:00:00Z
Nicaragua,4,2020-05-01T07:00:00Z
Slovenia,91,2020-05-01T07:00:00Z
Malaysia,102,2020-05-01T07:00:00Z
Mali,26,2020-05-01T07:00:00Z
Luxembourg,90,2020-05-01T07:00:00Z
Cuba,61,2020-05-01T07:00:00Z
Namibia,0,2020-05-01T07:00:00Z
Cote d'Ivoire,14,2020-05-01T07:00:00Z
Gambia,1,2020-05-01T07:00:00Z
Eswatini,1,2020-05-01T07:00:00Z
Jamaica,7,2020-05-01T07:00:00Z
Suriname,1,2020-05-01T07:00:00Z
Somalia,28,2020-05-01T07:00:00Z
Bahamas,11,2020-05-01T07:00:00Z
Lithuania,45,2020-05-01T07:00:00Z
Congo,9,2020-05-01T07:00:00Z
Chad,3,2020-05-01T07:00:00Z
Equatorial Guinea,2,2020-05-01T07:00:00Z
Liberia,16,2020-05-01T07:00:00Z
Guyana,8,2020-05-01T07:00:00Z
Tajikistan,0,2020-05-01T07:00:00Z
Trinidad and Tobago,8,2020-05-01T07:00:00Z
Uganda,0,2020-05-01T07:00:00Z
Sierra Leone,7,2020-05-01T07:00:00Z
Niger,32,2020-05-01T07:00:00Z
Guinea,7,2020-05-01T07:00:00Z
French Guiana,1,2020-05-01T07:00:00Z
Estonia,52,2020-05-01T07:00:00Z
Central African Republic,0,2020-05-01T07:00:00Z
Jordan,8,2020-05-01T07:00:00Z
Djibouti,2,2020-05-01T07:00:00Z
Mozambique,0,2020-05-01T07:00:00Z
Cabo Verde,1,2020-05-01T07:00:00Z
Thailand,54,2020-05-01T07:00:00Z
Burkina Faso,43,2020-05-01T07:00:00Z
Guadeloupe,12,2020-05-01T07:00:00Z
Gabon,3,2020-05-01T07:00:00Z
Andorra,42,2020-05-01T07:00:00Z
Guam,5,2020-05-01T07:00:00Z
South Sudan,0,2020-05-01T07:00:00Z
Togo,9,2020-05-01T07:00:00Z
Uruguay,15,2020-05-01T07:00:00Z
Slovakia,23,2020-05-01T07:00:00Z
San Marino,41,2020-05-01T07:00:00Z
Mayotte,4,2020-05-01T07:00:00Z
Benin,2,2020-05-01T07:00:00Z
Georgia,6,2020-05-01T07:00:00Z
Guinea-Bissau,1,2020-05-01T07:00:00Z
Latvia,15,2020-05-01T07:00:00Z
Lesotho,0,2020-05-01T07:00:00Z
Vietnam,0,2020-05-01T07:00:00Z
Malta,4,2020-05-01T07:00:00Z
Maldives,0,2020-05-01T07:00:00Z
Jersey,20,2020-05-01T07:00:00Z
Rwanda,0,2020-05-01T07:00:00Z
Singapore,15,2020-05-01T07:00:00Z
Belize,2,2020-05-01T07:00:00Z
Aruba,2,2020-05-01T07:00:00Z
New Zealand,19,2020-05-01T07:00:00Z
Isle of Man,22,2020-05-01T07:00:00Z
Cyprus,20,2020-05-01T07:00:00Z
Sint Maarten,13,2020-05-01T07:00:00Z
Martinique,14,2020-05-01T07:00:00Z
Tanzania,17,2020-05-01T07:00:00Z
US Virgin Islands,4,2020-05-01T07:00:00Z
Botswana,1,2020-05-01T07:00:00Z
Reunion,0,2020-05-01T07:00:00Z
São Tomé and Príncipe,1,2020-05-01T07:00:00Z
Other,13,2020-05-01T07:00:00Z
Sri Lanka,7,2020-05-01T07:00:00Z
Guernsey,13,2020-05-01T07:00:00Z
Iceland,10,2020-05-01T07:00:00Z
Mauritius,10,2020-05-01T07:00:00Z
Bermuda,6,2020-05-01T07:00:00Z
Saint Martin,3,2020-05-01T07:00:00Z
Barbados,7,2020-05-01T07:00:00Z
Comoros,0,2020-05-01T07:00:00Z
Papua New Guinea,0,2020-05-01T07:00:00Z
French Polynesia,0,2020-05-01T07:00:00Z
Turks and Caicos,1,2020-05-01T07:00:00Z
Brunei,1,2020-05-01T07:00:00Z
Antigua and Barbuda,3,2020-05-01T07:00:00Z
Northern Mariana Islands,2,2020-05-01T07:00:00Z
Fiji,0,2020-05-01T07:00:00Z
Cayman Islands,1,2020-05-01T07:00:00Z
Curaçao,1,2020-05-01T07:00:00Z
Liechtenstein,1,2020-05-01T07:00:00Z
Monaco,1,2020-05-01T07:00:00Z
British Virgin Islands,1,2020-05-01T07:00:00Z
Burundi,1,2020-05-01T07:00:00Z
Montserrat,1,2020-05-01T07:00:00Z
Caribbean Netherlands,0,2020-05-01T07:00:00Z
USA,102640,2020-06-01T07:00:00Z
Brazil,28834,2020-06-01T07:00:00Z
India,5394,2020-06-01T07:00:00Z
Mexico,9779,2020-06-01T07:00:00Z
UK,38489,2020-06-01T07:00:00Z
Italy,33415,2020-06-01T07:00:00Z
Peru,4371,2020-06-01T07:00:00Z
Spain,29045,2020-06-01T07:00:00Z
France,28746,2020-06-01T07:00:00Z
Iran,7797,2020-06-01T07:00:00Z
Colombia,890,2020-06-01T07:00:00Z
Russia,4855,2020-06-01T07:00:00Z
South Africa,683,2020-06-01T07:00:00Z
Argentina,530,2020-06-01T07:00:00Z
Chile,1054,2020-06-01T07:00:00Z
Ecuador,3358,2020-06-01T07:00:00Z
Indonesia,1613,2020-06-01T07:00:00Z
Belgium,9467,2020-06-01T07:00:00Z
Germany,8511,2020-06-01T07:00:00Z
Canada,7092,2020-06-01T07:00:00Z
Iraq,205,2020-06-01T07:00:00Z
Turkey,4540,2020-06-01T07:00:00Z
Bolivia,310,2020-06-01T07:00:00Z
Pakistan,1543,2020-06-01T07:00:00Z
Netherlands,5956,2020-06-01T07:00:00Z
Egypt,959,2020-06-01T07:00:00Z
Sweden,4395,2020-06-01T07:00:00Z
Philippines,957,2020-06-01T07:00:00Z
Bangladesh,650,2020-06-01T07:00:00Z
Romania,1262,2020-06-01T07:00:00Z
Saudi Arabia,503,2020-06-01T07:00:00Z
China,4645,2020-06-01T07:00:00Z
Ukraine,718,2020-06-01T07:00:00Z
Guatemala,102,2020-06-01T07:00:00Z
Poland,1064,2020-06-01T07:00:00Z
Panama,330,2020-06-01T07:00:00Z
Honduras,201,2020-06-01T07:00:00Z
Morocco,205,2020-06-01T07:00:00Z
Dominican Republic,502,2020-06-01T07:00:00Z
Kazakhstan,41,2020-06-01T07:00:00Z
Portugal,1410,2020-06-01T07:00:00Z
Ireland,1652,2020-06-01T07:00:00Z
Switzerland,1656,2020-06-01T07:00:00Z
Algeria,653,2020-06-01T07:00:00Z
Japan,892,2020-06-01T07:00:00Z
Israel,285,2020-06-01T07:00:00Z
Afghanistan,265,2020-06-01T07:00:00Z
Moldova,295,2020-06-01T07:00:00Z
Ethiopia,11,2020-06-01T07:00:00Z
Nigeria,287,2020-06-01T07:00:00Z
Kyrgyzstan,16,2020-06-01T07:00:00Z
Armenia,139,2020-06-01T07:00:00Z
Oman,49,2020-06-01T07:00:00Z
Australia,103,2020-06-01T07:00:00Z
Costa Rica,10,2020-06-01T07:00:00Z
Bosnia and Herzegovina,152,2020-06-01T07:00:00Z
El Salvador,46,2020-06-01T07:00:00Z
Paraguay,11,2020-06-01T07:00:00Z
Sudan,286,2020-06-01T07:00:00Z
Belarus,235,2020-06-01T07:00:00Z
Bulgaria,140,2020-06-01T07:00:00Z
Austria,668,2020-06-01T07:00:00Z
Hungary,526,2020-06-01T07:00:00Z
Serbia,243,2020-06-01T07:00:00Z
North Macedonia,133,2020-06-01T07:00:00Z
Kenya,64,2020-06-01T07:00:00Z
Puerto Rico,136,2020-06-01T07:00:00Z
Czechia,320,2020-06-01T07:00:00Z
Denmark,574,2020-06-01T07:00:00Z
Venezuela,14,2020-06-01T07:00:00Z
Kosovo,30,2020-06-01T07:00:00Z
Kuwait,212,2020-06-01T07:00:00Z
Azerbaijan,63,2020-06-01T07:00:00Z
Yemen,81,2020-06-01T07:00:00Z
Libya,5,2020-06-01T07:00:00Z
Nepal,8,2020-06-01T07:00:00Z
Uzbekistan,15,2020-06-01T07:00:00Z
Cameroon,191,2020-06-01T07:00:00Z
UAE,264,2020-06-01T07:00:00Z
South Korea,271,2020-06-01T07:00:00Z
Greece,175,2020-06-01T07:00:00Z
Albania,33,2020-06-01T07:00:00Z
Palestine,5,2020-06-01T07:00:00Z
Lebanon,27,2020-06-01T07:00:00Z
Finland,320,2020-06-01T07:00:00Z
Zambia,7,2020-06-01T07:00:00Z
Senegal,42,2020-06-01T07:00:00Z
Myanmar,6,2020-06-01T07:00:00Z
Ghana,36,2020-06-01T07:00:00Z
Croatia,103,2020-06-01T07:00:00Z
Norway,236,2020-06-01T07:00:00Z
DRC,71,2020-06-01T07:00:00Z
Bahrain,19,2020-06-01T07:00:00Z
Tunisia,48,2020-06-01T07:00:00Z
Madagascar,6,2020-06-01T07:00:00Z
Haiti,41,2020-06-01T07:00:00Z
Zimbabwe,4,2020-06-01T07:00:00Z
Qatar,38,2020-06-01T07:00:00Z
Syria,5,2020-06-01T07:00:00Z
Angola,4,2020-06-01T07:00:00Z
Malawi,4,2020-06-01T07:00:00Z
Montenegro,9,2020-06-01T07:00:00Z
Mauritania,23,2020-06-01T07:00:00Z
Nicaragua,35,2020-06-01T07:00:00Z
Slovenia,108,2020-06-01T07:00:00Z
Malaysia,115,2020-06-01T07:00:00Z
Mali,77,2020-06-01T07:00:00Z
Luxembourg,110,2020-06-01T07:00:00Z
Cuba,83,2020-06-01T07:00:00Z
Namibia,0,2020-06-01T07:00:00Z
Cote d'Ivoire,33,2020-06-01T07:00:00Z
Gambia,1,2020-06-01T07:00:00Z
Eswatini,2,2020-06-01T07:00:00Z
Jamaica,9,2020-06-01T07:00:00Z
Suriname,1,2020-06-01T07:00:00Z
Somalia,78,2020-06-01T07:00:00Z
Bahamas,11,2020-06-01T07:00:00Z
Lithuania,70,2020-06-01T07:00:00Z
Congo,20,2020-06-01T07:00:00Z
Chad,65,2020-06-01T07:00:00Z
Equatorial Guinea,12,2020-06-01T07:00:00Z
Liberia,27,2020-06-01T07:00:00Z
Guyana,12,2020-06-01T07:00:00Z
Tajikistan,47,2020-06-01T07:00:00Z
Trinidad and Tobago,8,2020-06-01T07:00:00Z
Uganda,0,2020-06-01T07:00:00Z
Sierra Leone,46,2020-06-01T07:00:00Z
Niger,64,2020-06-01T07:00:00Z
Guinea,23,2020-06-01T07:00:00Z
French Guiana,1,2020-06-01T07:00:00Z
Estonia,68,2020-06-01T07:00:00Z
Central African Republic,2,2020-06-01T07:00:00Z
Jordan,9,2020-06-01T07:00:00Z
Djibouti,24,2020-06-01T07:00:00Z
Mozambique,2,2020-06-01T07:00:00Z
Cabo Verde,4,2020-06-01T07:00:00Z
Thailand,57,2020-06-01T07:00:00Z
Burkina Faso,53,2020-06-01T07:00:00Z
Guadeloupe,14,2020-06-01T07:00:00Z
Gabon,17,2020-06-01T07:00:00Z
Andorra,51,2020-06-01T07:00:00Z
Guam,5,2020-06-01T07:00:00Z
South Sudan,10,2020-06-01T07:00:00Z
Togo,13,2020-06-01T07:00:00Z
Uruguay,22,2020-06-01T07:00:00Z
Slovakia,28,2020-06-01T07:00:00Z
San Marino,42,2020-06-01T07:00:00Z
Mayotte,23,2020-06-01T07:00:00Z
Benin,3,2020-06-01T07:00:00Z
Georgia,12,2020-06-01T07:00:00Z
Guinea-Bissau,8,2020-06-01T07:00:00Z
Latvia,24,2020-06-01T07:00:00Z
Lesotho,0,2020-06-01T07:00:00Z
Vietnam,0,2020-06-01T07:00:00Z
Malta,7,2020-06-01T07:00:00Z
Maldives,5,2020-06-01T07:00:00Z
Jersey,29,2020-06-01T07:00:00Z
Rwanda,1,2020-06-01T07:00:00Z
Singapore,23,2020-06-01T07:00:00Z
Belize,2,2020-06-01T07:00:00Z
Aruba,3,2020-06-01T07:00:00Z
New Zealand,22,2020-06-01T07:00:00Z
Isle of Man,24,2020-06-01T07:00:00Z
Cyprus,17,2020-06-01T07:00:00Z
Sint Maarten,15,2020-06-01T07:00:00Z
Martinique,14,2020-06-01T07:00:00Z
Tanzania,21,2020-06-01T07:00:00Z
US Virgin Islands,6,2020-06-01T07:00:00Z
Botswana,1,2020-06-01T07:00:00Z
Reunion,1,2020-06-01T07:00:00Z
São Tomé and Príncipe,10,2020-06-01T07:00:00Z
Other,13,2020-06-01T07:00:00Z
Sri Lanka,10,2020-06-01T07:00:00Z
Guernsey,13,2020-06-01T07:00:00Z
Iceland,10,2020-06-01T07:00:00Z
Mauritius,10,2020-06-01T07:00:00Z
Bermuda,9,2020-06-01T07:00:00Z
Saint Martin,3,2020-06-01T07:00:00Z
Barbados,7,2020-06-01T07:00:00Z
Comoros,2,2020-06-01T07:00:00Z
Papua New Guinea,0,2020-06-01T07:00:00Z
French Polynesia,0,2020-06-01T07:00:00Z
Turks and Caicos,1,2020-06-01T07:00:00Z
Brunei,2,2020-06-01T07:00:00Z
Antigua and Barbuda,3,2020-06-01T07:00:00Z
Northern Mariana Islands,2,2020-06-01T07:00:00Z
Fiji,0,2020-06-01T07:00:00Z
Cayman Islands,1,2020-06-01T07:00:00Z
Curaçao,1,2020-06-01T07:00:00Z
Liechtenstein,1,2020-06-01T07:00:00Z
Monaco,1,2020-06-01T07:00:00Z
British Virgin Islands,1,2020-06-01T07:00:00Z
Burundi,1,2020-06-01T07:00:00Z
Montserrat,1,2020-06-01T07:00:00Z
Caribbean Netherlands,0,2020-06-01T07:00:00Z
USA,126573,2020-07-01T07:00:00Z
Brazil,58314,2020-07-01T07:00:00Z
India,17400,2020-07-01T07:00:00Z
Mexico,27121,2020-07-01T07:00:00Z
UK,43730,2020-07-01T07:00:00Z
Italy,34767,2020-07-01T07:00:00Z
Peru,9504,2020-07-01T07:00:00Z
Spain,28355,2020-07-01T07:00:00Z
France,29760,2020-07-01T07:00:00Z
Iran,10817,2020-07-01T07:00:00Z
Colombia,3223,2020-07-01T07:00:00Z
Russia,9536,2020-07-01T07:00:00Z
South Africa,2657,2020-07-01T07:00:00Z
Argentina,1283,2020-07-01T07:00:00Z
Chile,5688,2020-07-01T07:00:00Z
Ecuador,4527,2020-07-01T07:00:00Z
Indonesia,2876,2020-07-01T07:00:00Z
Belgium,9754,2020-07-01T07:00:00Z
Germany,8985,2020-07-01T07:00:00Z
Canada,8566,2020-07-01T07:00:00Z
Iraq,1943,2020-07-01T07:00:00Z
Turkey,5131,2020-07-01T07:00:00Z
Bolivia,1071,2020-07-01T07:00:00Z
Pakistan,4395,2020-07-01T07:00:00Z
Netherlands,6113,2020-07-01T07:00:00Z
Egypt,2953,2020-07-01T07:00:00Z
Sweden,5333,2020-07-01T07:00:00Z
Philippines,1266,2020-07-01T07:00:00Z
Bangladesh,1847,2020-07-01T07:00:00Z
Romania,1651,2020-07-01T07:00:00Z
Saudi Arabia,1649,2020-07-01T07:00:00Z
China,4648,2020-07-01T07:00:00Z
Ukraine,1173,2020-07-01T07:00:00Z
Guatemala,746,2020-07-01T07:00:00Z
Poland,1463,2020-07-01T07:00:00Z
Panama,620,2020-07-01T07:00:00Z
Honduras,485,2020-07-01T07:00:00Z
Morocco,228,2020-07-01T07:00:00Z
Dominican Republic,747,2020-07-01T07:00:00Z
Kazakhstan,188,2020-07-01T07:00:00Z
Portugal,1576,2020-07-01T07:00:00Z
Ireland,1736,2020-07-01T07:00:00Z
Switzerland,1683,2020-07-01T07:00:00Z
Algeria,912,2020-07-01T07:00:00Z
Japan,974,2020-07-01T07:00:00Z
Israel,319,2020-07-01T07:00:00Z
Afghanistan,774,2020-07-01T07:00:00Z
Moldova,547,2020-07-01T07:00:00Z
Ethiopia,103,2020-07-01T07:00:00Z
Nigeria,590,2020-07-01T07:00:00Z
Kyrgyzstan,62,2020-07-01T07:00:00Z
Armenia,453,2020-07-01T07:00:00Z
Oman,176,2020-07-01T07:00:00Z
Australia,104,2020-07-01T07:00:00Z
Costa Rica,15,2020-07-01T07:00:00Z
Bosnia and Herzegovina,185,2020-07-01T07:00:00Z
El Salvador,174,2020-07-01T07:00:00Z
Paraguay,17,2020-07-01T07:00:00Z
Sudan,572,2020-07-01T07:00:00Z
Belarus,392,2020-07-01T07:00:00Z
Bulgaria,230,2020-07-01T07:00:00Z
Austria,705,2020-07-01T07:00:00Z
Hungary,585,2020-07-01T07:00:00Z
Serbia,277,2020-07-01T07:00:00Z
North Macedonia,302,2020-07-01T07:00:00Z
Kenya,148,2020-07-01T07:00:00Z
Puerto Rico,153,2020-07-01T07:00:00Z
Czechia,349,2020-07-01T07:00:00Z
Denmark,605,2020-07-01T07:00:00Z
Venezuela,48,2020-07-01T07:00:00Z
Kosovo,41,2020-07-01T07:00:00Z
Kuwait,354,2020-07-01T07:00:00Z
Azerbaijan,213,2020-07-01T07:00:00Z
Yemen,313,2020-07-01T07:00:00Z
Libya,24,2020-07-01T07:00:00Z
Nepal,29,2020-07-01T07:00:00Z
Uzbekistan,26,2020-07-01T07:00:00Z
Cameroon,313,2020-07-01T07:00:00Z
UAE,315,2020-07-01T07:00:00Z
South Korea,282,2020-07-01T07:00:00Z
Greece,192,2020-07-01T07:00:00Z
Albania,65,2020-07-01T07:00:00Z
Palestine,11,2020-07-01T07:00:00Z
Lebanon,34,2020-07-01T07:00:00Z
Finland,328,2020-07-01T07:00:00Z
Zambia,24,2020-07-01T07:00:00Z
Senegal,112,2020-07-01T07:00:00Z
Myanmar,6,2020-07-01T07:00:00Z
Ghana,112,2020-07-01T07:00:00Z
Croatia,107,2020-07-01T07:00:00Z
Norway,250,2020-07-01T07:00:00Z
DRC,169,2020-07-01T07:00:00Z
Bahrain,87,2020-07-01T07:00:00Z
Tunisia,50,2020-07-01T07:00:00Z
Madagascar,20,2020-07-01T07:00:00Z
Haiti,105,2020-07-01T07:00:00Z
Zimbabwe,7,2020-07-01T07:00:00Z
Qatar,113,2020-07-01T07:00:00Z
Syria,9,2020-07-01T07:00:00Z
Angola,13,2020-07-01T07:00:00Z
Malawi,16,2020-07-01T07:00:00Z
Montenegro,12,2020-07-01T07:00:00Z
Mauritania,128,2020-07-01T07:00:00Z
Nicaragua,74,2020-07-01T07:00:00Z
Slovenia,111,2020-07-01T07:00:00Z
Malaysia,121,2020-07-01T07:00:00Z
Mali,116,2020-07-01T07:00:00Z
Luxembourg,110,2020-07-01T07:00:00Z
Cuba,86,2020-07-01T07:00:00Z
Namibia,0,2020-07-01T07:00:00Z
Cote d'Ivoire,66,2020-07-01T07:00:00Z
Gambia,2,2020-07-01T07:00:00Z
Eswatini,11,2020-07-01T07:00:00Z
Jamaica,10,2020-07-01T07:00:00Z
Suriname,13,2020-07-01T07:00:00Z
Somalia,90,2020-07-01T07:00:00Z
Bahamas,11,2020-07-01T07:00:00Z
Lithuania,78,2020-07-01T07:00:00Z
Congo,41,2020-07-01T07:00:00Z
Chad,74,2020-07-01T07:00:00Z
Equatorial Guinea,12,2020-07-01T07:00:00Z
Liberia,36,2020-07-01T07:00:00Z
Guyana,12,2020-07-01T07:00:00Z
Tajikistan,52,2020-07-01T07:00:00Z
Trinidad and Tobago,8,2020-07-01T07:00:00Z
Uganda,0,2020-07-01T07:00:00Z
Sierra Leone,60,2020-07-01T07:00:00Z
Niger,67,2020-07-01T07:00:00Z
Guinea,33,2020-07-01T07:00:00Z
French Guiana,15,2020-07-01T07:00:00Z
Estonia,69,2020-07-01T07:00:00Z
Central African Republic,47,2020-07-01T07:00:00Z
Jordan,9,2020-07-01T07:00:00Z
Djibouti,54,2020-07-01T07:00:00Z
Mozambique,6,2020-07-01T07:00:00Z
Cabo Verde,15,2020-07-01T07:00:00Z
Thailand,58,2020-07-01T07:00:00Z
Burkina Faso,53,2020-07-01T07:00:00Z
Guadeloupe,14,2020-07-01T07:00:00Z
Gabon,42,2020-07-01T07:00:00Z
Andorra,52,2020-07-01T07:00:00Z
Guam,5,2020-07-01T07:00:00Z
South Sudan,38,2020-07-01T07:00:00Z
Togo,14,2020-07-01T07:00:00Z
Uruguay,27,2020-07-01T07:00:00Z
Slovakia,28,2020-07-01T07:00:00Z
San Marino,42,2020-07-01T07:00:00Z
Mayotte,35,2020-07-01T07:00:00Z
Benin,21,2020-07-01T07:00:00Z
Georgia,15,2020-07-01T07:00:00Z
Guinea-Bissau,24,2020-07-01T07:00:00Z
Latvia,30,2020-07-01T07:00:00Z
Lesotho,0,2020-07-01T07:00:00Z
Vietnam,0,2020-07-01T07:00:00Z
Malta,9,2020-07-01T07:00:00Z
Maldives,8,2020-07-01T07:00:00Z
Jersey,31,2020-07-01T07:00:00Z
Rwanda,2,2020-07-01T07:00:00Z
Singapore,26,2020-07-01T07:00:00Z
Belize,2,2020-07-01T07:00:00Z
Aruba,3,2020-07-01T07:00:00Z
New Zealand,22,2020-07-01T07:00:00Z
Isle of Man,24,2020-07-01T07:00:00Z
Cyprus,19,2020-07-01T07:00:00Z
Sint Maarten,15,2020-07-01T07:00:00Z
Martinique,14,2020-07-01T07:00:00Z
Tanzania,21,2020-07-01T07:00:00Z
US Virgin Islands,6,2020-07-01T07:00:00Z
Botswana,1,2020-07-01T07:00:00Z
Reunion,2,2020-07-01T07:00:00Z
São Tomé and Príncipe,11,2020-07-01T07:00:00Z
Other,13,2020-07-01T07:00:00Z
Sri Lanka,11,2020-07-01T07:00:00Z
Guernsey,13,2020-07-01T07:00:00Z
Iceland,10,2020-07-01T07:00:00Z
Mauritius,10,2020-07-01T07:00:00Z
Bermuda,9,2020-07-01T07:00:00Z
Saint Martin,3,2020-07-01T07:00:00Z
Barbados,7,2020-07-01T07:00:00Z
Comoros,7,2020-07-01T07:00:00Z
Papua New Guinea,0,2020-07-01T07:00:00Z
French Polynesia,0,2020-07-01T07:00:00Z
Turks and Caicos,2,2020-07-01T07:00:00Z
Brunei,3,2020-07-01T07:00:00Z
Antigua and Barbuda,3,2020-07-01T07:00:00Z
Northern Mariana Islands,2,2020-07-01T07:00:00Z
Fiji,0,2020-07-01T07:00:00Z
Cayman Islands,1,2020-07-01T07:00:00Z
Curaçao,1,2020-07-01T07:00:00Z
Liechtenstein,1,2020-07-01T07:00:00Z
Monaco,1,2020-07-01T07:00:00Z
British Virgin Islands,1,2020-07-01T07:00:00Z
Burundi,1,2020-07-01T07:00:00Z
Montserrat,1,2020-07-01T07:00:00Z
Caribbean Netherlands,0,2020-07-01T07:00:00Z
USA,151265,2020-08-01T07:00:00Z
Brazil,91263,2020-08-01T07:00:00Z
India,36511,2020-08-01T07:00:00Z
Mexico,46000,2020-08-01T07:00:00Z
UK,46119,2020-08-01T07:00:00Z
Italy,35141,2020-08-01T07:00:00Z
Peru,19021,2020-08-01T07:00:00Z
Spain,28445,2020-08-01T07:00:00Z
France,30147,2020-08-01T07:00:00Z
Iran,16766,2020-08-01T07:00:00Z
Colombia,9810,2020-08-01T07:00:00Z
Russia,14058,2020-08-01T07:00:00Z
South Africa,8005,2020-08-01T07:00:00Z
Argentina,3466,2020-08-01T07:00:00Z
Chile,9457,2020-08-01T07:00:00Z
Ecuador,5702,2020-08-01T07:00:00Z
Indonesia,5131,2020-08-01T07:00:00Z
Belgium,9841,2020-08-01T07:00:00Z
Germany,9148,2020-08-01T07:00:00Z
Canada,8929,2020-08-01T07:00:00Z
Iraq,4741,2020-08-01T07:00:00Z
Turkey,5691,2020-08-01T07:00:00Z
Bolivia,2894,2020-08-01T07:00:00Z
Pakistan,5951,2020-08-01T07:00:00Z
Netherlands,6147,2020-08-01T07:00:00Z
Egypt,4805,2020-08-01T07:00:00Z
Sweden,5743,2020-08-01T07:00:00Z
Philippines,2023,2020-08-01T07:00:00Z
Bangladesh,3111,2020-08-01T07:00:00Z
Romania,2343,2020-08-01T07:00:00Z
Saudi Arabia,2866,2020-08-01T07:00:00Z
China,4668,2020-08-01T07:00:00Z
Ukraine,1709,2020-08-01T07:00:00Z
Guatemala,1924,2020-08-01T07:00:00Z
Poland,1716,2020-08-01T07:00:00Z
Panama,1397,2020-08-01T07:00:00Z
Honduras,1312,2020-08-01T07:00:00Z
Morocco,353,2020-08-01T07:00:00Z
Dominican Republic,1160,2020-08-01T07:00:00Z
Kazakhstan,793,2020-08-01T07:00:00Z
Portugal,1735,2020-08-01T07:00:00Z
Ireland,1763,2020-08-01T07:00:00Z
Switzerland,1703,2020-08-01T07:00:00Z
Algeria,1210,2020-08-01T07:00:00Z
Japan,1011,2020-08-01T07:00:00Z
Israel,493,2020-08-01T07:00:00Z
Afghanistan,1283,2020-08-01T07:00:00Z
Moldova,778,2020-08-01T07:00:00Z
Ethiopia,274,2020-08-01T07:00:00Z
Nigeria,879,2020-08-01T07:00:00Z
Kyrgyzstan,1397,2020-08-01T07:00:00Z
Armenia,749,2020-08-01T07:00:00Z
Oman,421,2020-08-01T07:00:00Z
Australia,196,2020-08-01T07:00:00Z
Costa Rica,140,2020-08-01T07:00:00Z
Bosnia and Herzegovina,324,2020-08-01T07:00:00Z
El Salvador,448,2020-08-01T07:00:00Z
Paraguay,47,2020-08-01T07:00:00Z
Sudan,746,2020-08-01T07:00:00Z
Belarus,559,2020-08-01T07:00:00Z
Bulgaria,383,2020-08-01T07:00:00Z
Austria,718,2020-08-01T07:00:00Z
Hungary,596,2020-08-01T07:00:00Z
Serbia,573,2020-08-01T07:00:00Z
North Macedonia,486,2020-08-01T07:00:00Z
Kenya,341,2020-08-01T07:00:00Z
Puerto Rico,219,2020-08-01T07:00:00Z
Czechia,382,2020-08-01T07:00:00Z
Denmark,615,2020-08-01T07:00:00Z
Venezuela,158,2020-08-01T07:00:00Z
Kosovo,217,2020-08-01T07:00:00Z
Kuwait,447,2020-08-01T07:00:00Z
Azerbaijan,448,2020-08-01T07:00:00Z
Yemen,494,2020-08-01T07:00:00Z
Libya,74,2020-08-01T07:00:00Z
Nepal,56,2020-08-01T07:00:00Z
Uzbekistan,143,2020-08-01T07:00:00Z
Cameroon,391,2020-08-01T07:00:00Z
UAE,351,2020-08-01T07:00:00Z
South Korea,301,2020-08-01T07:00:00Z
Greece,206,2020-08-01T07:00:00Z
Albania,157,2020-08-01T07:00:00Z
Palestine,85,2020-08-01T07:00:00Z
Lebanon,59,2020-08-01T07:00:00Z
Finland,329,2020-08-01T07:00:00Z
Zambia,151,2020-08-01T07:00:00Z
Senegal,205,2020-08-01T07:00:00Z
Myanmar,6,2020-08-01T07:00:00Z
Ghana,182,2020-08-01T07:00:00Z
Croatia,145,2020-08-01T07:00:00Z
Norway,255,2020-08-01T07:00:00Z
DRC,214,2020-08-01T07:00:00Z
Bahrain,148,2020-08-01T07:00:00Z
Tunisia,50,2020-08-01T07:00:00Z
Madagascar,106,2020-08-01T07:00:00Z
Haiti,161,2020-08-01T07:00:00Z
Zimbabwe,67,2020-08-01T07:00:00Z
Qatar,174,2020-08-01T07:00:00Z
Syria,43,2020-08-01T07:00:00Z
Angola,51,2020-08-01T07:00:00Z
Malawi,114,2020-08-01T07:00:00Z
Montenegro,49,2020-08-01T07:00:00Z
Mauritania,157,2020-08-01T07:00:00Z
Nicaragua,116,2020-08-01T07:00:00Z
Slovenia,117,2020-08-01T07:00:00Z
Malaysia,125,2020-08-01T07:00:00Z
Mali,124,2020-08-01T07:00:00Z
Luxembourg,114,2020-08-01T07:00:00Z
Cuba,87,2020-08-01T07:00:00Z
Namibia,10,2020-08-01T07:00:00Z
Cote d'Ivoire,102,2020-08-01T07:00:00Z
Gambia,9,2020-08-01T07:00:00Z
Eswatini,40,2020-08-01T07:00:00Z
Jamaica,10,2020-08-01T07:00:00Z
Suriname,26,2020-08-01T07:00:00Z
Somalia,93,2020-08-01T07:00:00Z
Bahamas,14,2020-08-01T07:00:00Z
Lithuania,80,2020-08-01T07:00:00Z
Congo,56,2020-08-01T07:00:00Z
Chad,75,2020-08-01T07:00:00Z
Equatorial Guinea,83,2020-08-01T07:00:00Z
Liberia,75,2020-08-01T07:00:00Z
Guyana,20,2020-08-01T07:00:00Z
Tajikistan,60,2020-08-01T07:00:00Z
Trinidad and Tobago,8,2020-08-01T07:00:00Z
Uganda,3,2020-08-01T07:00:00Z
Sierra Leone,67,2020-08-01T07:00:00Z
Niger,69,2020-08-01T07:00:00Z
Guinea,46,2020-08-01T07:00:00Z
French Guiana,43,2020-08-01T07:00:00Z
Estonia,69,2020-08-01T07:00:00Z
Central African Republic,59,2020-08-01T07:00:00Z
Jordan,11,2020-08-01T07:00:00Z
Djibouti,58,2020-08-01T07:00:00Z
Mozambique,11,2020-08-01T07:00:00Z
Cabo Verde,23,2020-08-01T07:00:00Z
Thailand,58,2020-08-01T07:00:00Z
Burkina Faso,53,2020-08-01T07:00:00Z
Guadeloupe,14,2020-08-01T07:00:00Z
Gabon,49,2020-08-01T07:00:00Z
Andorra,66,2020-08-01T07:00:00Z
Guam,5,2020-08-01T07:00:00Z
South Sudan,46,2020-08-01T07:00:00Z
Togo,18,2020-08-01T07:00:00Z
Uruguay,35,2020-08-01T07:00:00Z
Slovakia,29,2020-08-01T07:00:00Z
San Marino,42,2020-08-01T07:00:00Z
Mayotte,39,2020-08-01T07:00:00Z
Benin,36,2020-08-01T07:00:00Z
Georgia,17,2020-08-01T07:00:00Z
Guinea-Bissau,27,2020-08-01T07:00:00Z
Latvia,32,2020-08-01T07:00:00Z
Lesotho,13,2020-08-01T07:00:00Z
Vietnam,2,2020-08-01T07:00:00Z
Malta,9,2020-08-01T07:00:00Z
Maldives,16,2020-08-01T07:00:00Z
Jersey,31,2020-08-01T07:00:00Z
Rwanda,5,2020-08-01T07:00:00Z
Singapore,27,2020-08-01T07:00:00Z
Belize,2,2020-08-01T07:00:00Z
Aruba,3,2020-08-01T07:00:00Z
New Zealand,22,2020-08-01T07:00:00Z
Isle of Man,24,2020-08-01T07:00:00Z
Cyprus,19,2020-08-01T07:00:00Z
Sint Maarten,15,2020-08-01T07:00:00Z
Martinique,15,2020-08-01T07:00:00Z
Tanzania,21,2020-08-01T07:00:00Z
US Virgin Islands,8,2020-08-01T07:00:00Z
Botswana,2,2020-08-01T07:00:00Z
Reunion,4,2020-08-01T07:00:00Z
São Tomé and Príncipe,15,2020-08-01T07:00:00Z
Other,13,2020-08-01T07:00:00Z
Sri Lanka,11,2020-08-01T07:00:00Z
Guernsey,13,2020-08-01T07:00:00Z
Iceland,10,2020-08-01T07:00:00Z
Mauritius,10,2020-08-01T07:00:00Z
Bermuda,9,2020-08-01T07:00:00Z
Saint Martin,3,2020-08-01T07:00:00Z
Barbados,7,2020-08-01T07:00:00Z
Comoros,7,2020-08-01T07:00:00Z
Papua New Guinea,2,2020-08-01T07:00:00Z
French Polynesia,0,2020-08-01T07:00:00Z
Turks and Caicos,2,2020-08-01T07:00:00Z
Brunei,3,2020-08-01T07:00:00Z
Antigua and Barbuda,3,2020-08-01T07:00:00Z
Northern Mariana Islands,2,2020-08-01T07:00:00Z
Fiji,1,2020-08-01T07:00:00Z
Cayman Islands,1,2020-08-01T07:00:00Z
Curaçao,1,2020-08-01T07:00:00Z
Liechtenstein,1,2020-08-01T07:00:00Z
Monaco,1,2020-08-01T07:00:00Z
British Virgin Islands,1,2020-08-01T07:00:00Z
Burundi,1,2020-08-01T07:00:00Z
Montserrat,1,2020-08-01T07:00:00Z
Caribbean Netherlands,0,2020-08-01T07:00:00Z
USA,182162,2020-09-01T07:00:00Z
Brazil,120828,2020-09-01T07:00:00Z
India,65288,2020-09-01T07:00:00Z
Mexico,64158,2020-09-01T07:00:00Z
UK,41501,2020-09-01T07:00:00Z
Italy,35483,2020-09-01T07:00:00Z
Peru,28788,2020-09-01T07:00:00Z
Spain,29141,2020-09-01T07:00:00Z
France,30494,2020-09-01T07:00:00Z
Iran,21571,2020-09-01T07:00:00Z
Colombia,19364,2020-09-01T07:00:00Z
Russia,17299,2020-09-01T07:00:00Z
South Africa,14149,2020-09-01T07:00:00Z
Argentina,8498,2020-09-01T07:00:00Z
Chile,11289,2020-09-01T07:00:00Z
Ecuador,6556,2020-09-01T07:00:00Z
Indonesia,7417,2020-09-01T07:00:00Z
Belgium,9897,2020-09-01T07:00:00Z
Germany,9302,2020-09-01T07:00:00Z
Canada,9117,2020-09-01T07:00:00Z
Iraq,7042,2020-09-01T07:00:00Z
Turkey,6370,2020-09-01T07:00:00Z
Bolivia,4966,2020-09-01T07:00:00Z
Pakistan,6298,2020-09-01T07:00:00Z
Netherlands,6215,2020-09-01T07:00:00Z
Egypt,5421,2020-09-01T07:00:00Z
Sweden,5820,2020-09-01T07:00:00Z
Philippines,3558,2020-09-01T07:00:00Z
Bangladesh,4281,2020-09-01T07:00:00Z
Romania,3621,2020-09-01T07:00:00Z
Saudi Arabia,3897,2020-09-01T07:00:00Z
China,4730,2020-09-01T07:00:00Z
Ukraine,2605,2020-09-01T07:00:00Z
Guatemala,2760,2020-09-01T07:00:00Z
Poland,2039,2020-09-01T07:00:00Z
Panama,1995,2020-09-01T07:00:00Z
Honduras,1858,2020-09-01T07:00:00Z
Morocco,1141,2020-09-01T07:00:00Z
Dominican Republic,1710,2020-09-01T07:00:00Z
Kazakhstan,1878,2020-09-01T07:00:00Z
Portugal,1822,2020-09-01T07:00:00Z
Ireland,1777,2020-09-01T07:00:00Z
Switzerland,1725,2020-09-01T07:00:00Z
Algeria,1510,2020-09-01T07:00:00Z
Japan,1296,2020-09-01T07:00:00Z
Israel,961,2020-09-01T07:00:00Z
Afghanistan,1406,2020-09-01T07:00:00Z
Moldova,995,2020-09-01T07:00:00Z
Ethiopia,809,2020-09-01T07:00:00Z
Nigeria,1013,2020-09-01T07:00:00Z
Kyrgyzstan,1060,2020-09-01T07:00:00Z
Armenia,881,2020-09-01T07:00:00Z
Oman,685,2020-09-01T07:00:00Z
Australia,652,2020-09-01T07:00:00Z
Costa Rica,418,2020-09-01T07:00:00Z
Bosnia and Herzegovina,603,2020-09-01T07:00:00Z
El Salvador,717,2020-09-01T07:00:00Z
Paraguay,308,2020-09-01T07:00:00Z
Sudan,823,2020-09-01T07:00:00Z
Belarus,681,2020-09-01T07:00:00Z
Bulgaria,629,2020-09-01T07:00:00Z
Austria,733,2020-09-01T07:00:00Z
Hungary,615,2020-09-01T07:00:00Z
Serbia,713,2020-09-01T07:00:00Z
North Macedonia,603,2020-09-01T07:00:00Z
Kenya,577,2020-09-01T07:00:00Z
Puerto Rico,434,2020-09-01T07:00:00Z
Czechia,424,2020-09-01T07:00:00Z
Denmark,624,2020-09-01T07:00:00Z
Venezuela,381,2020-09-01T07:00:00Z
Kosovo,515,2020-09-01T07:00:00Z
Kuwait,531,2020-09-01T07:00:00Z
Azerbaijan,534,2020-09-01T07:00:00Z
Yemen,567,2020-09-01T07:00:00Z
Libya,237,2020-09-01T07:00:00Z
Nepal,228,2020-09-01T07:00:00Z
Uzbekistan,322,2020-09-01T07:00:00Z
Cameroon,414,2020-09-01T07:00:00Z
UAE,384,2020-09-01T07:00:00Z
South Korea,324,2020-09-01T07:00:00Z
Greece,266,2020-09-01T07:00:00Z
Albania,284,2020-09-01T07:00:00Z
Palestine,173,2020-09-01T07:00:00Z
Lebanon,167,2020-09-01T07:00:00Z
Finland,335,2020-09-01T07:00:00Z
Zambia,288,2020-09-01T07:00:00Z
Senegal,284,2020-09-01T07:00:00Z
Myanmar,6,2020-09-01T07:00:00Z
Ghana,276,2020-09-01T07:00:00Z
Croatia,186,2020-09-01T07:00:00Z
Norway,264,2020-09-01T07:00:00Z
DRC,258,2020-09-01T07:00:00Z
Bahrain,190,2020-09-01T07:00:00Z
Tunisia,77,2020-09-01T07:00:00Z
Madagascar,192,2020-09-01T07:00:00Z
Haiti,201,2020-09-01T07:00:00Z
Zimbabwe,202,2020-09-01T07:00:00Z
Qatar,197,2020-09-01T07:00:00Z
Syria,112,2020-09-01T07:00:00Z
Angola,108,2020-09-01T07:00:00Z
Malawi,175,2020-09-01T07:00:00Z
Montenegro,100,2020-09-01T07:00:00Z
Mauritania,159,2020-09-01T07:00:00Z
Nicaragua,137,2020-09-01T07:00:00Z
Slovenia,128,2020-09-01T07:00:00Z
Malaysia,127,2020-09-01T07:00:00Z
Mali,126,2020-09-01T07:00:00Z
Luxembourg,124,2020-09-01T07:00:00Z
Cuba,94,2020-09-01T07:00:00Z
Namibia,75,2020-09-01T07:00:00Z
Cote d'Ivoire,115,2020-09-01T07:00:00Z
Gambia,96,2020-09-01T07:00:00Z
Eswatini,91,2020-09-01T07:00:00Z
Jamaica,21,2020-09-01T07:00:00Z
Suriname,67,2020-09-01T07:00:00Z
Somalia,98,2020-09-01T07:00:00Z
Bahamas,43,2020-09-01T07:00:00Z
Lithuania,86,2020-09-01T07:00:00Z
Congo,78,2020-09-01T07:00:00Z
Chad,77,2020-09-01T07:00:00Z
Equatorial Guinea,83,2020-09-01T07:00:00Z
Liberia,82,2020-09-01T07:00:00Z
Guyana,37,2020-09-01T07:00:00Z
Tajikistan,68,2020-09-01T07:00:00Z
Trinidad and Tobago,22,2020-09-01T07:00:00Z
Uganda,32,2020-09-01T07:00:00Z
Sierra Leone,70,2020-09-01T07:00:00Z
Niger,69,2020-09-01T07:00:00Z
Guinea,59,2020-09-01T07:00:00Z
French Guiana,59,2020-09-01T07:00:00Z
Estonia,64,2020-09-01T07:00:00Z
Central African Republic,62,2020-09-01T07:00:00Z
Jordan,15,2020-09-01T07:00:00Z
Djibouti,60,2020-09-01T07:00:00Z
Mozambique,23,2020-09-01T07:00:00Z
Cabo Verde,40,2020-09-01T07:00:00Z
Thailand,58,2020-09-01T07:00:00Z
Burkina Faso,55,2020-09-01T07:00:00Z
Guadeloupe,16,2020-09-01T07:00:00Z
Gabon,53,2020-09-01T07:00:00Z
Andorra,53,2020-09-01T07:00:00Z
Guam,10,2020-09-01T07:00:00Z
South Sudan,47,2020-09-01T07:00:00Z
Togo,27,2020-09-01T07:00:00Z
Uruguay,44,2020-09-01T07:00:00Z
Slovakia,33,2020-09-01T07:00:00Z
San Marino,42,2020-09-01T07:00:00Z
Mayotte,40,2020-09-01T07:00:00Z
Benin,40,2020-09-01T07:00:00Z
Georgia,19,2020-09-01T07:00:00Z
Guinea-Bissau,33,2020-09-01T07:00:00Z
Latvia,34,2020-09-01T07:00:00Z
Lesotho,31,2020-09-01T07:00:00Z
Vietnam,34,2020-09-01T07:00:00Z
Malta,12,2020-09-01T07:00:00Z
Maldives,28,2020-09-01T07:00:00Z
Jersey,32,2020-09-01T07:00:00Z
Rwanda,16,2020-09-01T07:00:00Z
Singapore,27,2020-09-01T07:00:00Z
Belize,13,2020-09-01T07:00:00Z
Aruba,10,2020-09-01T07:00:00Z
New Zealand,22,2020-09-01T07:00:00Z
Isle of Man,24,2020-09-01T07:00:00Z
Cyprus,21,2020-09-01T07:00:00Z
Sint Maarten,17,2020-09-01T07:00:00Z
Martinique,16,2020-09-01T07:00:00Z
Tanzania,21,2020-09-01T07:00:00Z
US Virgin Islands,14,2020-09-01T07:00:00Z
Botswana,6,2020-09-01T07:00:00Z
Reunion,5,2020-09-01T07:00:00Z
São Tomé and Príncipe,15,2020-09-01T07:00:00Z
Other,13,2020-09-01T07:00:00Z
Sri Lanka,12,2020-09-01T07:00:00Z
Guernsey,13,2020-09-01T07:00:00Z
Iceland,10,2020-09-01T07:00:00Z
Mauritius,10,2020-09-01T07:00:00Z
Bermuda,9,2020-09-01T07:00:00Z
Saint Martin,5,2020-09-01T07:00:00Z
Barbados,7,2020-09-01T07:00:00Z
Comoros,7,2020-09-01T07:00:00Z
Papua New Guinea,5,2020-09-01T07:00:00Z
French Polynesia,0,2020-09-01T07:00:00Z
Turks and Caicos,3,2020-09-01T07:00:00Z
Brunei,3,2020-09-01T07:00:00Z
Antigua and Barbuda,3,2020-09-01T07:00:00Z
Northern Mariana Islands,2,2020-09-01T07:00:00Z
Fiji,2,2020-09-01T07:00:00Z
Cayman Islands,1,2020-09-01T07:00:00Z
Curaçao,1,2020-09-01T07:00:00Z
Liechtenstein,1,2020-09-01T07:00:00Z
Monaco,1,2020-09-01T07:00:00Z
British Virgin Islands,1,2020-09-01T07:00:00Z
Burundi,1,2020-09-01T07:00:00Z
Montserrat,1,2020-09-01T07:00:00Z
Caribbean Netherlands,0,2020-09-01T07:00:00Z
USA,204642,2020-10-01T07:00:00Z
Brazil,142921,2020-10-01T07:00:00Z
India,98678,2020-10-01T07:00:00Z
Mexico,77163,2020-10-01T07:00:00Z
UK,42143,2020-10-01T07:00:00Z
Italy,35894,2020-10-01T07:00:00Z
Peru,32396,2020-10-01T07:00:00Z
Spain,31791,2020-10-01T07:00:00Z
France,31746,2020-10-01T07:00:00Z
Iran,26169,2020-10-01T07:00:00Z
Colombia,25828,2020-10-01T07:00:00Z
Russia,20891,2020-10-01T07:00:00Z
South Africa,16734,2020-10-01T07:00:00Z
Argentina,16519,2020-10-01T07:00:00Z
Chile,12741,2020-10-01T07:00:00Z
Ecuador,11355,2020-10-01T07:00:00Z
Indonesia,10740,2020-10-01T07:00:00Z
Belgium,10020,2020-10-01T07:00:00Z
Germany,9500,2020-10-01T07:00:00Z
Canada,9291,2020-10-01T07:00:00Z
Iraq,9181,2020-10-01T07:00:00Z
Turkey,8195,2020-10-01T07:00:00Z
Bolivia,7931,2020-10-01T07:00:00Z
Pakistan,6479,2020-10-01T07:00:00Z
Netherlands,6397,2020-10-01T07:00:00Z
Egypt,5914,2020-10-01T07:00:00Z
Sweden,5893,2020-10-01T07:00:00Z
Philippines,5504,2020-10-01T07:00:00Z
Bangladesh,5251,2020-10-01T07:00:00Z
Romania,4825,2020-10-01T07:00:00Z
Saudi Arabia,4768,2020-10-01T07:00:00Z
China,4746,2020-10-01T07:00:00Z
Ukraine,4193,2020-10-01T07:00:00Z
Guatemala,3246,2020-10-01T07:00:00Z
Poland,2513,2020-10-01T07:00:00Z
Panama,2364,2020-10-01T07:00:00Z
Honduras,2323,2020-10-01T07:00:00Z
Morocco,2152,2020-10-01T07:00:00Z
Dominican Republic,2105,2020-10-01T07:00:00Z
Kazakhstan,2075,2020-10-01T07:00:00Z
Portugal,1971,2020-10-01T07:00:00Z
Ireland,1804,2020-10-01T07:00:00Z
Switzerland,1782,2020-10-01T07:00:00Z
Algeria,1736,2020-10-01T07:00:00Z
Japan,1571,2020-10-01T07:00:00Z
Israel,1543,2020-10-01T07:00:00Z
Afghanistan,1458,2020-10-01T07:00:00Z
Moldova,1320,2020-10-01T07:00:00Z
Ethiopia,1198,2020-10-01T07:00:00Z
Nigeria,1112,2020-10-01T07:00:00Z
Kyrgyzstan,1065,2020-10-01T07:00:00Z
Armenia,963,2020-10-01T07:00:00Z
Oman,935,2020-10-01T07:00:00Z
Australia,886,2020-10-01T07:00:00Z
Costa Rica,880,2020-10-01T07:00:00Z
Bosnia and Herzegovina,849,2020-10-01T07:00:00Z
El Salvador,843,2020-10-01T07:00:00Z
Paraguay,841,2020-10-01T07:00:00Z
Sudan,836,2020-10-01T07:00:00Z
Belarus,833,2020-10-01T07:00:00Z
Bulgaria,825,2020-10-01T07:00:00Z
Austria,799,2020-10-01T07:00:00Z
Hungary,781,2020-10-01T07:00:00Z
Serbia,749,2020-10-01T07:00:00Z
North Macedonia,739,2020-10-01T07:00:00Z
Kenya,711,2020-10-01T07:00:00Z
Puerto Rico,661,2020-10-01T07:00:00Z
Czechia,655,2020-10-01T07:00:00Z
Denmark,650,2020-10-01T07:00:00Z
Venezuela,621,2020-10-01T07:00:00Z
Kosovo,615,2020-10-01T07:00:00Z
Kuwait,610,2020-10-01T07:00:00Z
Azerbaijan,591,2020-10-01T07:00:00Z
Yemen,588,2020-10-01T07:00:00Z
Libya,551,2020-10-01T07:00:00Z
Nepal,498,2020-10-01T07:00:00Z
Uzbekistan,471,2020-10-01T07:00:00Z
Cameroon,418,2020-10-01T07:00:00Z
UAE,416,2020-10-01T07:00:00Z
South Korea,415,2020-10-01T07:00:00Z
Greece,391,2020-10-01T07:00:00Z
Albania,387,2020-10-01T07:00:00Z
Palestine,368,2020-10-01T07:00:00Z
Lebanon,361,2020-10-01T07:00:00Z
Finland,344,2020-10-01T07:00:00Z
Zambia,332,2020-10-01T07:00:00Z
Senegal,311,2020-10-01T07:00:00Z
Myanmar,310,2020-10-01T07:00:00Z
Ghana,301,2020-10-01T07:00:00Z
Croatia,280,2020-10-01T07:00:00Z
Norway,274,2020-10-01T07:00:00Z
DRC,272,2020-10-01T07:00:00Z
Bahrain,246,2020-10-01T07:00:00Z
Tunisia,246,2020-10-01T07:00:00Z
Madagascar,230,2020-10-01T07:00:00Z
Haiti,229,2020-10-01T07:00:00Z
Zimbabwe,228,2020-10-01T07:00:00Z
Qatar,214,2020-10-01T07:00:00Z
Syria,197,2020-10-01T07:00:00Z
Angola,183,2020-10-01T07:00:00Z
Malawi,179,2020-10-01T07:00:00Z
Montenegro,170,2020-10-01T07:00:00Z
Mauritania,161,2020-10-01T07:00:00Z
Nicaragua,151,2020-10-01T07:00:00Z
Slovenia,138,2020-10-01T07:00:00Z
Malaysia,136,2020-10-01T07:00:00Z
Mali,131,2020-10-01T07:00:00Z
Luxembourg,124,2020-10-01T07:00:00Z
Cuba,122,2020-10-01T07:00:00Z
Namibia,121,2020-10-01T07:00:00Z
Cote d'Ivoire,120,2020-10-01T07:00:00Z
Gambia,112,2020-10-01T07:00:00Z
Eswatini,109,2020-10-01T07:00:00Z
Jamaica,107,2020-10-01T07:00:00Z
Suriname,104,2020-10-01T07:00:00Z
Somalia,99,2020-10-01T07:00:00Z
Bahamas,95,2020-10-01T07:00:00Z
Lithuania,92,2020-10-01T07:00:00Z
Congo,89,2020-10-01T07:00:00Z
Chad,85,2020-10-01T07:00:00Z
Equatorial Guinea,83,2020-10-01T07:00:00Z
Liberia,82,2020-10-01T07:00:00Z
Guyana,78,2020-10-01T07:00:00Z
Tajikistan,76,2020-10-01T07:00:00Z
Trinidad and Tobago,75,2020-10-01T07:00:00Z
Uganda,75,2020-10-01T07:00:00Z
Sierra Leone,72,2020-10-01T07:00:00Z
Niger,69,2020-10-01T07:00:00Z
Guinea,66,2020-10-01T07:00:00Z
French Guiana,66,2020-10-01T07:00:00Z
Estonia,64,2020-10-01T07:00:00Z
Central African Republic,62,2020-10-01T07:00:00Z
Jordan,61,2020-10-01T07:00:00Z
Djibouti,61,2020-10-01T07:00:00Z
Mozambique,61,2020-10-01T07:00:00Z
Cabo Verde,60,2020-10-01T07:00:00Z
Thailand,59,2020-10-01T07:00:00Z
Burkina Faso,57,2020-10-01T07:00:00Z
Guadeloupe,57,2020-10-01T07:00:00Z
Gabon,54,2020-10-01T07:00:00Z
Andorra,53,2020-10-01T07:00:00Z
Guam,49,2020-10-01T07:00:00Z
South Sudan,49,2020-10-01T07:00:00Z
Togo,48,2020-10-01T07:00:00Z
Uruguay,48,2020-10-01T07:00:00Z
Slovakia,48,2020-10-01T07:00:00Z
San Marino,42,2020-10-01T07:00:00Z
Mayotte,42,2020-10-01T07:00:00Z
Benin,41,2020-10-01T07:00:00Z
Georgia,40,2020-10-01T07:00:00Z
Guinea-Bissau,39,2020-10-01T07:00:00Z
Latvia,37,2020-10-01T07:00:00Z
Lesotho,36,2020-10-01T07:00:00Z
Vietnam,35,2020-10-01T07:00:00Z
Malta,34,2020-10-01T07:00:00Z
Maldives,34,2020-10-01T07:00:00Z
Jersey,32,2020-10-01T07:00:00Z
Rwanda,29,2020-10-01T07:00:00Z
Singapore,27,2020-10-01T07:00:00Z
Belize,26,2020-10-01T07:00:00Z
Aruba,26,2020-10-01T07:00:00Z
New Zealand,25,2020-10-01T07:00:00Z
Isle of Man,24,2020-10-01T07:00:00Z
Cyprus,22,2020-10-01T07:00:00Z
Sint Maarten,22,2020-10-01T07:00:00Z
Martinique,21,2020-10-01T07:00:00Z
Tanzania,21,2020-10-01T07:00:00Z
US Virgin Islands,20,2020-10-01T07:00:00Z
Botswana,16,2020-10-01T07:00:00Z
Reunion,16,2020-10-01T07:00:00Z
São Tomé and Príncipe,15,2020-10-01T07:00:00Z
Other,13,2020-10-01T07:00:00Z
Sri Lanka,13,2020-10-01T07:00:00Z
Guernsey,13,2020-10-01T07:00:00Z
Iceland,10,2020-10-01T07:00:00Z
Mauritius,10,2020-10-01T07:00:00Z
Bermuda,9,2020-10-01T07:00:00Z
Saint Martin,8,2020-10-01T07:00:00Z
Barbados,7,2020-10-01T07:00:00Z
Comoros,7,2020-10-01T07:00:00Z
Papua New Guinea,7,2020-10-01T07:00:00Z
French Polynesia,7,2020-10-01T07:00:00Z
Turks and Caicos,6,2020-10-01T07:00:00Z
Brunei,3,2020-10-01T07:00:00Z
Antigua and Barbuda,3,2020-10-01T07:00:00Z
Northern Mariana Islands,2,2020-10-01T07:00:00Z
Fiji,2,2020-10-01T07:00:00Z
Cayman Islands,1,2020-10-01T07:00:00Z
Curaçao,1,2020-10-01T07:00:00Z
Liechtenstein,1,2020-10-01T07:00:00Z
Monaco,1,2020-10-01T07:00:00Z
British Virgin Islands,1,2020-10-01T07:00:00Z
Burundi,1,2020-10-01T07:00:00Z
Montserrat,1,2020-10-01T07:00:00Z
Caribbean Netherlands,1,2020-10-01T07:00:00Z
